번호,품종,지역,연도,건물수량(kg/ha),연평균기온,최저기온,최고기온,고온일수,연속고온지속일수,강수량,평균 상대습도(%),합계 일조시간(hr),일조율(%),평균 풍속(m/s)
915,옥수수,대구(경북),2014,23360,14.9,-7.4,37.5,22,7,1072.1,57.2,2428.4,54.55,1.9
916,옥수수,대구(경북),2014,17500,14.9,-7.4,37.5,22,7,1072.1,57.2,2428.4,54.55,1.9
917,옥수수,대구(경북),2014,20540,14.9,-7.4,37.5,22,7,1072.1,57.2,2428.4,54.55,1.9
918,옥수수,대구(경북),2014,22350,14.9,-7.4,37.5,22,7,1072.1,57.2,2428.4,54.55,1.9
919,옥수수,대구(경북),2014,16190,14.9,-7.4,37.5,22,7,1072.1,57.2,2428.4,54.55,1.9
920,옥수수,대구(경북),2014,17970,14.9,-7.4,37.5,22,7,1072.1,57.2,2428.4,54.55,1.9
921,옥수수,대구(경북),2014,19200,14.9,-7.4,37.5,22,7,1072.1,57.2,2428.4,54.55,1.9
922,옥수수,대구(경북),2014,19770,14.9,-7.4,37.5,22,7,1072.1,57.2,2428.4,54.55,1.9
923,옥수수,대구(경북),2014,17970,14.9,-7.4,37.5,22,7,1072.1,57.2,2428.4,54.55,1.9
924,옥수수,대구(경북),2014,23280,14.9,-7.4,37.5,22,7,1072.1,57.2,2428.4,54.55,1.9
925,옥수수,대구(경북),2014,22740,14.9,-7.4,37.5,22,7,1072.1,57.2,2428.4,54.55,1.9
926,옥수수,대구(경북),2014,17610,14.9,-7.4,37.5,22,7,1072.1,57.2,2428.4,54.55,1.9
927,옥수수,대구(경북),2014,23220,14.9,-7.4,37.5,22,7,1072.1,57.2,2428.4,54.55,1.9
928,옥수수,대구(경북),2013,24520,15,-12.5,37.9,54,20,996.4,56.3,2693.5,60.68,2
929,옥수수,대구(경북),2013,21130,15,-12.5,37.9,54,20,996.4,56.3,2693.5,60.68,2
930,옥수수,대구(경북),2013,20670,15,-12.5,37.9,54,20,996.4,56.3,2693.5,60.68,2
931,옥수수,대구(경북),2013,19830,15,-12.5,37.9,54,20,996.4,56.3,2693.5,60.68,2
932,옥수수,대구(경북),2013,20270,15,-12.5,37.9,54,20,996.4,56.3,2693.5,60.68,2
933,옥수수,대구(경북),2013,24790,15,-12.5,37.9,54,20,996.4,56.3,2693.5,60.68,2
934,옥수수,대구(경북),2013,22080,15,-12.5,37.9,54,20,996.4,56.3,2693.5,60.68,2
935,옥수수,대구(경북),2013,22130,15,-12.5,37.9,54,20,996.4,56.3,2693.5,60.68,2
936,옥수수,대구(경북),2013,20940,15,-12.5,37.9,54,20,996.4,56.3,2693.5,60.68,2
937,옥수수,대구(경북),2013,23460,15,-12.5,37.9,54,20,996.4,56.3,2693.5,60.68,2
938,옥수수,대구(경북),2013,21480,15,-12.5,37.9,54,20,996.4,56.3,2693.5,60.68,2
939,옥수수,대구(경북),2013,19830,15,-12.5,37.9,54,20,996.4,56.3,2693.5,60.68,2
940,옥수수,대구(경북),2013,21040,15,-12.5,37.9,54,20,996.4,56.3,2693.5,60.68,2
941,옥수수,대구(경북),2013,20260,15,-12.5,37.9,54,20,996.4,56.3,2693.5,60.68,2
942,옥수수,대구(경북),2012,19180,14.1,-12.4,37.2,30,18,1189.9,56.4,2534.9,56.83,2.2
943,옥수수,대구(경북),2012,17290,14.1,-12.4,37.2,30,18,1189.9,56.4,2534.9,56.83,2.2
944,옥수수,대구(경북),2012,20160,14.1,-12.4,37.2,30,18,1189.9,56.4,2534.9,56.83,2.2
945,옥수수,대구(경북),2012,21400,14.1,-12.4,37.2,30,18,1189.9,56.4,2534.9,56.83,2.2
946,옥수수,대구(경북),2012,20790,14.1,-12.4,37.2,30,18,1189.9,56.4,2534.9,56.83,2.2
947,옥수수,대구(경북),2012,15520,14.1,-12.4,37.2,30,18,1189.9,56.4,2534.9,56.83,2.2
948,옥수수,대구(경북),2012,18090,14.1,-12.4,37.2,30,18,1189.9,56.4,2534.9,56.83,2.2
949,옥수수,대구(경북),2012,17670,14.1,-12.4,37.2,30,18,1189.9,56.4,2534.9,56.83,2.2
950,옥수수,대구(경북),2012,18350,14.1,-12.4,37.2,30,18,1189.9,56.4,2534.9,56.83,2.2
951,옥수수,대구(경북),2011,12700,14.3,-13.1,35.5,29,6,1430.4,55.7,2150.3,48.96,2.2
952,옥수수,대구(경북),2011,14560,14.3,-13.1,35.5,29,6,1430.4,55.7,2150.3,48.96,2.2
953,옥수수,대구(경북),2011,12950,14.3,-13.1,35.5,29,6,1430.4,55.7,2150.3,48.96,2.2
954,옥수수,대구(경북),2011,12310,14.3,-13.1,35.5,29,6,1430.4,55.7,2150.3,48.96,2.2
955,옥수수,대구(경북),2011,1355,14.3,-13.1,35.5,29,6,1430.4,55.7,2150.3,48.96,2.2
956,옥수수,대구(경북),2011,12140,14.3,-13.1,35.5,29,6,1430.4,55.7,2150.3,48.96,2.2
957,옥수수,대구(경북),2011,13250,14.3,-13.1,35.5,29,6,1430.4,55.7,2150.3,48.96,2.2
958,옥수수,대구(경북),2011,12850,14.3,-13.1,35.5,29,6,1430.4,55.7,2150.3,48.96,2.2
959,옥수수,대구(경북),2011,12440,14.3,-13.1,35.5,29,6,1430.4,55.7,2150.3,48.96,2.2
960,옥수수,대구(경북),2011,12460,14.3,-13.1,35.5,29,6,1430.4,55.7,2150.3,48.96,2.2
961,옥수수,대구(경북),2010,21050,14.4,-10,36.5,41,7,1204.5,56.4,2081.1,46.75,2.1
962,옥수수,대구(경북),2010,20330,14.4,-10,36.5,41,7,1204.5,56.4,2081.1,46.75,2.1
963,옥수수,대구(경북),2010,19390,14.4,-10,36.5,41,7,1204.5,56.4,2081.1,46.75,2.1
964,옥수수,대구(경북),2010,20640,14.4,-10,36.5,41,7,1204.5,56.4,2081.1,46.75,2.1
965,옥수수,대구(경북),2010,18900,14.4,-10,36.5,41,7,1204.5,56.4,2081.1,46.75,2.1
966,옥수수,대구(경북),2010,19700,14.4,-10,36.5,41,7,1204.5,56.4,2081.1,46.75,2.1
967,옥수수,대구(경북),2010,18790,14.4,-10,36.5,41,7,1204.5,56.4,2081.1,46.75,2.1
968,옥수수,대구(경북),2010,20120,14.4,-10,36.5,41,7,1204.5,56.4,2081.1,46.75,2.1
969,옥수수,대구(경북),2010,20040,14.4,-10,36.5,41,7,1204.5,56.4,2081.1,46.75,2.1
970,옥수수,대구(경북),2010,20340,14.4,-10,36.5,41,7,1204.5,56.4,2081.1,46.75,2.1
971,옥수수,대구(경북),2010,17880,14.4,-10,36.5,41,7,1204.5,56.4,2081.1,46.75,2.1
972,옥수수,대구(경북),2007,15530,15,-5.1,36.4,23,8,973.9,58.5,2045.4,45.95,2.3
973,옥수수,대구(경북),2007,18760,15,-5.1,36.4,23,8,973.9,58.5,2045.4,45.95,2.3
974,옥수수,대구(경북),2007,16800,15,-5.1,36.4,23,8,973.9,58.5,2045.4,45.95,2.3
975,옥수수,대구(경북),2007,17630,15,-5.1,36.4,23,8,973.9,58.5,2045.4,45.95,2.3
976,옥수수,대구(경북),2007,15520,15,-5.1,36.4,23,8,973.9,58.5,2045.4,45.95,2.3
977,옥수수,대구(경북),2007,16970,15,-5.1,36.4,23,8,973.9,58.5,2045.4,45.95,2.3
978,옥수수,대구(경북),2007,19440,15,-5.1,36.4,23,8,973.9,58.5,2045.4,45.95,2.3
979,옥수수,대구(경북),2007,15940,15,-5.1,36.4,23,8,973.9,58.5,2045.4,45.95,2.3
980,옥수수,대구(경북),2006,14950,14.6,-10.1,37.2,27,19,1131.5,58.3,2092.7,47.02,2.4
981,옥수수,대구(경북),2006,13250,14.6,-10.1,37.2,27,19,1131.5,58.3,2092.7,47.02,2.4
982,옥수수,대구(경북),2006,9790,14.6,-10.1,37.2,27,19,1131.5,58.3,2092.7,47.02,2.4
983,옥수수,대구(경북),2006,11910,14.6,-10.1,37.2,27,19,1131.5,58.3,2092.7,47.02,2.4
984,옥수수,대구(경북),2006,12580,14.6,-10.1,37.2,27,19,1131.5,58.3,2092.7,47.02,2.4
985,옥수수,대구(경북),2006,10500,14.6,-10.1,37.2,27,19,1131.5,58.3,2092.7,47.02,2.4
986,옥수수,대구(경북),2006,10810,14.6,-10.1,37.2,27,19,1131.5,58.3,2092.7,47.02,2.4
987,옥수수,대구(경북),2006,14690,14.6,-10.1,37.2,27,19,1131.5,58.3,2092.7,47.02,2.4
988,옥수수,대구(경북),2006,12100,14.6,-10.1,37.2,27,19,1131.5,58.3,2092.7,47.02,2.4
989,옥수수,대구(경북),2006,10140,14.6,-10.1,37.2,27,19,1131.5,58.3,2092.7,47.02,2.4
990,옥수수,대구(경북),2006,13130,14.6,-10.1,37.2,27,19,1131.5,58.3,2092.7,47.02,2.4
991,옥수수,대구(경북),2005,16180,14.2,-11.1,36.2,26,6,834.3,54.8,2364.3,53.11,2.5
992,옥수수,대구(경북),2005,15380,14.2,-11.1,36.2,26,6,834.3,54.8,2364.3,53.11,2.5
993,옥수수,대구(경북),2005,21370,14.2,-11.1,36.2,26,6,834.3,54.8,2364.3,53.11,2.5
994,옥수수,대구(경북),2005,16800,14.2,-11.1,36.2,26,6,834.3,54.8,2364.3,53.11,2.5
995,옥수수,대구(경북),2005,18940,14.2,-11.1,36.2,26,6,834.3,54.8,2364.3,53.11,2.5
996,옥수수,대구(경북),2005,18510,14.2,-11.1,36.2,26,6,834.3,54.8,2364.3,53.11,2.5
997,옥수수,대구(경북),2005,18050,14.2,-11.1,36.2,26,6,834.3,54.8,2364.3,53.11,2.5
998,옥수수,대구(경북),2005,18290,14.2,-11.1,36.2,26,6,834.3,54.8,2364.3,53.11,2.5
999,옥수수,대구(경북),2005,16870,14.2,-11.1,36.2,26,6,834.3,54.8,2364.3,53.11,2.5
1000,옥수수,대구(경북),2005,16630,14.2,-11.1,36.2,26,6,834.3,54.8,2364.3,53.11,2.5
1001,옥수수,대구(경북),2005,15360,14.2,-11.1,36.2,26,6,834.3,54.8,2364.3,53.11,2.5
1002,옥수수,대구(경북),2005,15160,14.2,-11.1,36.2,26,6,834.3,54.8,2364.3,53.11,2.5
1003,옥수수,대구(경상북도농업기술원),2016,23810,14.6,-13,38.1,32,7,1227.3,63.7,2277.3,51.05,2.1
1004,옥수수,대구(경상북도농업기술원),2016,23910,14.6,-13,38.1,32,7,1227.3,63.7,2277.3,51.05,2.1
1005,옥수수,대구(경상북도농업기술원),2016,30930,14.6,-13,38.1,32,7,1227.3,63.7,2277.3,51.05,2.1
1006,옥수수,대구(경상북도농업기술원),2016,18460,14.6,-13,38.1,32,7,1227.3,63.7,2277.3,51.05,2.1
1007,옥수수,대구(경상북도농업기술원),2016,22070,14.6,-13,38.1,32,7,1227.3,63.7,2277.3,51.05,2.1
1008,옥수수,대구(경상북도농업기술원),2016,31110,14.6,-13,38.1,32,7,1227.3,63.7,2277.3,51.05,2.1
1009,옥수수,대구(경상북도농업기술원),2016,29820,14.6,-13,38.1,32,7,1227.3,63.7,2277.3,51.05,2.1
1010,옥수수,대구(경상북도농업기술원),2016,23450,14.6,-13,38.1,32,7,1227.3,63.7,2277.3,51.05,2.1
1011,옥수수,대구(경상북도농업기술원),2016,25430,14.6,-13,38.1,32,7,1227.3,63.7,2277.3,51.05,2.1
1012,옥수수,대구(경상북도농업기술원),2016,31820,14.6,-13,38.1,32,7,1227.3,63.7,2277.3,51.05,2.1
1013,옥수수,대구(경상북도농업기술원),2016,28720,14.6,-13,38.1,32,7,1227.3,63.7,2277.3,51.05,2.1
1014,옥수수,대구(경상북도농업기술원),2016,28540,14.6,-13,38.1,32,7,1227.3,63.7,2277.3,51.05,2.1
1015,옥수수,대구(경상북도농업기술원),2015,26330,14.8,-8.9,38.3,21,16,908.5,64.6,2362,53.07,2.1
1016,옥수수,대구(경상북도농업기술원),2015,20790,14.8,-8.9,38.3,21,16,908.5,64.6,2362,53.07,2.1
1017,옥수수,대구(경상북도농업기술원),2015,22940,14.8,-8.9,38.3,21,16,908.5,64.6,2362,53.07,2.1
1018,옥수수,대구(경상북도농업기술원),2015,21820,14.8,-8.9,38.3,21,16,908.5,64.6,2362,53.07,2.1
1019,옥수수,대구(경상북도농업기술원),2015,28810,14.8,-8.9,38.3,21,16,908.5,64.6,2362,53.07,2.1
1020,옥수수,대구(경상북도농업기술원),2015,25360,14.8,-8.9,38.3,21,16,908.5,64.6,2362,53.07,2.1
1021,옥수수,대구(경상북도농업기술원),2015,26670,14.8,-8.9,38.3,21,16,908.5,64.6,2362,53.07,2.1
1022,옥수수,대구(경상북도농업기술원),2015,30670,14.8,-8.9,38.3,21,16,908.5,64.6,2362,53.07,2.1
1023,옥수수,대구(경상북도농업기술원),2015,26480,14.8,-8.9,38.3,21,16,908.5,64.6,2362,53.07,2.1
1024,옥수수,대구(경상북도농업기술원),2015,25300,14.8,-8.9,38.3,21,16,908.5,64.6,2362,53.07,2.1
1025,옥수수,대구(경상북도농업기술원),2015,26640,14.8,-8.9,38.3,21,16,908.5,64.6,2362,53.07,2.1
1026,옥수수,대구(경상북도농업기술원),2015,23050,14.8,-8.9,38.3,21,16,908.5,64.6,2362,53.07,2.1
1027,옥수수,수원,2014,25230,13.1,-11.1,34.6,8,4,1029.1,67.9,2372.7,53.29,1.8
1028,옥수수,수원,2014,27380,13.1,-11.1,34.6,8,4,1029.1,67.9,2372.7,53.29,1.8
1029,옥수수,수원,2014,27080,13.1,-11.1,34.6,8,4,1029.1,67.9,2372.7,53.29,1.8
1030,옥수수,수원,2014,25930,13.1,-11.1,34.6,8,4,1029.1,67.9,2372.7,53.29,1.8
1031,옥수수,수원,2014,23340,13.1,-11.1,34.6,8,4,1029.1,67.9,2372.7,53.29,1.8
1032,옥수수,수원,2014,24690,13.1,-11.1,34.6,8,4,1029.1,67.9,2372.7,53.29,1.8
1033,옥수수,수원,2014,21490,13.1,-11.1,34.6,8,4,1029.1,67.9,2372.7,53.29,1.8
1034,옥수수,수원,2014,19970,13.1,-11.1,34.6,8,4,1029.1,67.9,2372.7,53.29,1.8
1035,옥수수,수원,2014,24640,13.1,-11.1,34.6,8,4,1029.1,67.9,2372.7,53.29,1.8
1036,옥수수,수원,2014,25490,13.1,-11.1,34.6,8,4,1029.1,67.9,2372.7,53.29,1.8
1037,옥수수,수원,2014,23510,13.1,-11.1,34.6,8,4,1029.1,67.9,2372.7,53.29,1.8
1038,옥수수,수원,2014,24520,13.1,-11.1,34.6,8,4,1029.1,67.9,2372.7,53.29,1.8
1039,옥수수,수원,2014,25980,13.1,-11.1,34.6,8,4,1029.1,67.9,2372.7,53.29,1.8
1040,옥수수,수원,2013,12940,12.3,-18.1,34.7,14,7,1240.1,71.7,2310.2,51.88,1.7
1041,옥수수,수원,2013,11240,12.3,-18.1,34.7,14,7,1240.1,71.7,2310.2,51.88,1.7
1042,옥수수,수원,2013,11700,12.3,-18.1,34.7,14,7,1240.1,71.7,2310.2,51.88,1.7
1043,옥수수,수원,2013,11470,12.3,-18.1,34.7,14,7,1240.1,71.7,2310.2,51.88,1.7
1044,옥수수,수원,2013,12200,12.3,-18.1,34.7,14,7,1240.1,71.7,2310.2,51.88,1.7
1045,옥수수,수원,2013,13570,12.3,-18.1,34.7,14,7,1240.1,71.7,2310.2,51.88,1.7
1046,옥수수,수원,2013,11710,12.3,-18.1,34.7,14,7,1240.1,71.7,2310.2,51.88,1.7
1047,옥수수,수원,2013,11830,12.3,-18.1,34.7,14,7,1240.1,71.7,2310.2,51.88,1.7
1048,옥수수,수원,2013,12060,12.3,-18.1,34.7,14,7,1240.1,71.7,2310.2,51.88,1.7
1049,옥수수,수원,2013,10940,12.3,-18.1,34.7,14,7,1240.1,71.7,2310.2,51.88,1.7
1050,옥수수,수원,2013,10280,12.3,-18.1,34.7,14,7,1240.1,71.7,2310.2,51.88,1.7
1051,옥수수,수원,2013,11310,12.3,-18.1,34.7,14,7,1240.1,71.7,2310.2,51.88,1.7
1052,옥수수,수원,2013,9570,12.3,-18.1,34.7,14,7,1240.1,71.7,2310.2,51.88,1.7
1053,옥수수,수원,2013,9230,12.3,-18.1,34.7,14,7,1240.1,71.7,2310.2,51.88,1.7
1054,옥수수,수원,2012,20170,12.1,-16.2,37.4,16,10,1748.3,69.2,2291.6,51.36,1.8
1055,옥수수,수원,2012,19670,12.1,-16.2,37.4,16,10,1748.3,69.2,2291.6,51.36,1.8
1056,옥수수,수원,2012,18600,12.1,-16.2,37.4,16,10,1748.3,69.2,2291.6,51.36,1.8
1057,옥수수,수원,2012,19050,12.1,-16.2,37.4,16,10,1748.3,69.2,2291.6,51.36,1.8
1058,옥수수,수원,2012,17450,12.1,-16.2,37.4,16,10,1748.3,69.2,2291.6,51.36,1.8
1059,옥수수,수원,2012,14110,12.1,-16.2,37.4,16,10,1748.3,69.2,2291.6,51.36,1.8
1060,옥수수,수원,2012,18180,12.1,-16.2,37.4,16,10,1748.3,69.2,2291.6,51.36,1.8
1061,옥수수,수원,2012,22680,12.1,-16.2,37.4,16,10,1748.3,69.2,2291.6,51.36,1.8
1062,옥수수,수원,2012,18480,12.1,-16.2,37.4,16,10,1748.3,69.2,2291.6,51.36,1.8
1063,옥수수,수원,2011,15330,11.8,-16.9,35.8,8,3,1975.9,70.1,2146.5,48.58,1.7
1064,옥수수,수원,2011,14880,11.8,-16.9,35.8,8,3,1975.9,70.1,2146.5,48.58,1.7
1065,옥수수,수원,2011,15520,11.8,-16.9,35.8,8,3,1975.9,70.1,2146.5,48.58,1.7
1066,옥수수,수원,2011,15910,11.8,-16.9,35.8,8,3,1975.9,70.1,2146.5,48.58,1.7
1067,옥수수,수원,2011,15070,11.8,-16.9,35.8,8,3,1975.9,70.1,2146.5,48.58,1.7
1068,옥수수,수원,2011,15580,11.8,-16.9,35.8,8,3,1975.9,70.1,2146.5,48.58,1.7
1069,옥수수,수원,2011,13020,11.8,-16.9,35.8,8,3,1975.9,70.1,2146.5,48.58,1.7
1070,옥수수,수원,2011,14220,11.8,-16.9,35.8,8,3,1975.9,70.1,2146.5,48.58,1.7
1071,옥수수,수원,2011,14250,11.8,-16.9,35.8,8,3,1975.9,70.1,2146.5,48.58,1.7
1072,옥수수,수원,2011,13380,11.8,-16.9,35.8,8,3,1975.9,70.1,2146.5,48.58,1.7
1073,옥수수,수원,2010,22470,12.2,-18.6,34.2,10,2,1470.6,73.6,2027.9,45.54,1.8
1074,옥수수,수원,2010,21530,12.2,-18.6,34.2,10,2,1470.6,73.6,2027.9,45.54,1.8
1075,옥수수,수원,2010,21400,12.2,-18.6,34.2,10,2,1470.6,73.6,2027.9,45.54,1.8
1076,옥수수,수원,2010,21390,12.2,-18.6,34.2,10,2,1470.6,73.6,2027.9,45.54,1.8
1077,옥수수,수원,2010,20110,12.2,-18.6,34.2,10,2,1470.6,73.6,2027.9,45.54,1.8
1078,옥수수,수원,2010,21240,12.2,-18.6,34.2,10,2,1470.6,73.6,2027.9,45.54,1.8
1079,옥수수,수원,2010,21250,12.2,-18.6,34.2,10,2,1470.6,73.6,2027.9,45.54,1.8
1080,옥수수,수원,2010,20550,12.2,-18.6,34.2,10,2,1470.6,73.6,2027.9,45.54,1.8
1081,옥수수,수원,2010,19630,12.2,-18.6,34.2,10,2,1470.6,73.6,2027.9,45.54,1.8
1082,옥수수,수원,2010,23000,12.2,-18.6,34.2,10,2,1470.6,73.6,2027.9,45.54,1.8
1083,옥수수,수원,2010,20060,12.2,-18.6,34.2,10,2,1470.6,73.6,2027.9,45.54,1.8
1084,옥수수,수원,2007,18210,12.9,-9.9,33.2,1,1,1325,71.4,1987.6,44.64,1.7
1085,옥수수,수원,2007,19760,12.9,-9.9,33.2,1,1,1325,71.4,1987.6,44.64,1.7
1086,옥수수,수원,2007,21400,12.9,-9.9,33.2,1,1,1325,71.4,1987.6,44.64,1.7
1087,옥수수,수원,2007,21080,12.9,-9.9,33.2,1,1,1325,71.4,1987.6,44.64,1.7
1088,옥수수,수원,2007,20870,12.9,-9.9,33.2,1,1,1325,71.4,1987.6,44.64,1.7
1089,옥수수,수원,2007,18870,12.9,-9.9,33.2,1,1,1325,71.4,1987.6,44.64,1.7
1090,옥수수,수원,2007,22210,12.9,-9.9,33.2,1,1,1325,71.4,1987.6,44.64,1.7
1091,옥수수,수원,2007,21790,12.9,-9.9,33.2,1,1,1325,71.4,1987.6,44.64,1.7
1092,옥수수,수원,2006,21300,12.9,-13.2,35.9,13,5,1362.7,62,1923.8,43.21,2.1
1093,옥수수,수원,2006,23040,12.9,-13.2,35.9,13,5,1362.7,62,1923.8,43.21,2.1
1094,옥수수,수원,2006,17130,12.9,-13.2,35.9,13,5,1362.7,62,1923.8,43.21,2.1
1095,옥수수,수원,2006,20780,12.9,-13.2,35.9,13,5,1362.7,62,1923.8,43.21,2.1
1096,옥수수,수원,2006,19630,12.9,-13.2,35.9,13,5,1362.7,62,1923.8,43.21,2.1
1097,옥수수,수원,2006,20360,12.9,-13.2,35.9,13,5,1362.7,62,1923.8,43.21,2.1
1098,옥수수,수원,2006,22340,12.9,-13.2,35.9,13,5,1362.7,62,1923.8,43.21,2.1
1099,옥수수,수원,2006,22620,12.9,-13.2,35.9,13,5,1362.7,62,1923.8,43.21,2.1
1100,옥수수,수원,2006,21740,12.9,-13.2,35.9,13,5,1362.7,62,1923.8,43.21,2.1
1101,옥수수,수원,2006,19860,12.9,-13.2,35.9,13,5,1362.7,62,1923.8,43.21,2.1
1102,옥수수,수원,2006,21110,12.9,-13.2,35.9,13,5,1362.7,62,1923.8,43.21,2.1
1103,옥수수,수원,2005,14150,12,-14.4,35.1,7,3,1427.7,61.3,2149.4,48.27,2
1104,옥수수,수원,2005,14870,12,-14.4,35.1,7,3,1427.7,61.3,2149.4,48.27,2
1105,옥수수,수원,2005,17050,12,-14.4,35.1,7,3,1427.7,61.3,2149.4,48.27,2
1106,옥수수,수원,2005,17510,12,-14.4,35.1,7,3,1427.7,61.3,2149.4,48.27,2
1107,옥수수,수원,2005,18930,12,-14.4,35.1,7,3,1427.7,61.3,2149.4,48.27,2
1108,옥수수,수원,2005,16790,12,-14.4,35.1,7,3,1427.7,61.3,2149.4,48.27,2
1109,옥수수,수원,2005,15000,12,-14.4,35.1,7,3,1427.7,61.3,2149.4,48.27,2
1110,옥수수,수원,2005,17430,12,-14.4,35.1,7,3,1427.7,61.3,2149.4,48.27,2
1111,옥수수,수원,2005,18220,12,-14.4,35.1,7,3,1427.7,61.3,2149.4,48.27,2
1112,옥수수,수원,2005,17820,12,-14.4,35.1,7,3,1427.7,61.3,2149.4,48.27,2
1113,옥수수,수원,2005,17350,12,-14.4,35.1,7,3,1427.7,61.3,2149.4,48.27,2
1114,옥수수,수원,2005,15650,12,-14.4,35.1,7,3,1427.7,61.3,2149.4,48.27,2
1115,옥수수,수원,2016,26290,13.6,-16.2,36.5,30,23,1023.4,67.7,2367.2,53.05,1.8
1116,옥수수,수원,2016,22630,13.6,-16.2,36.5,30,23,1023.4,67.7,2367.2,53.05,1.8
1117,옥수수,수원,2016,26130,13.6,-16.2,36.5,30,23,1023.4,67.7,2367.2,53.05,1.8
1118,옥수수,수원,2016,27180,13.6,-16.2,36.5,30,23,1023.4,67.7,2367.2,53.05,1.8
1119,옥수수,수원,2016,23170,13.6,-16.2,36.5,30,23,1023.4,67.7,2367.2,53.05,1.8
1120,옥수수,수원,2016,26930,13.6,-16.2,36.5,30,23,1023.4,67.7,2367.2,53.05,1.8
1121,옥수수,수원,2016,23520,13.6,-16.2,36.5,30,23,1023.4,67.7,2367.2,53.05,1.8
1122,옥수수,수원,2016,21380,13.6,-16.2,36.5,30,23,1023.4,67.7,2367.2,53.05,1.8
1123,옥수수,수원,2016,25370,13.6,-16.2,36.5,30,23,1023.4,67.7,2367.2,53.05,1.8
1124,옥수수,수원,2016,22440,13.6,-16.2,36.5,30,23,1023.4,67.7,2367.2,53.05,1.8
1125,옥수수,수원,2016,24800,13.6,-16.2,36.5,30,23,1023.4,67.7,2367.2,53.05,1.8
1126,옥수수,수원,2016,23700,13.6,-16.2,36.5,30,23,1023.4,67.7,2367.2,53.05,1.8
1127,옥수수,수원,2015,16390,13.5,-11.7,35.3,12,4,751.1,67.7,2450.3,55.03,1.8
1128,옥수수,수원,2015,15390,13.5,-11.7,35.3,12,4,751.1,67.7,2450.3,55.03,1.8
1129,옥수수,수원,2015,15790,13.5,-11.7,35.3,12,4,751.1,67.7,2450.3,55.03,1.8
1130,옥수수,수원,2015,14030,13.5,-11.7,35.3,12,4,751.1,67.7,2450.3,55.03,1.8
1131,옥수수,수원,2015,18110,13.5,-11.7,35.3,12,4,751.1,67.7,2450.3,55.03,1.8
1132,옥수수,수원,2015,19630,13.5,-11.7,35.3,12,4,751.1,67.7,2450.3,55.03,1.8
1133,옥수수,수원,2015,14600,13.5,-11.7,35.3,12,4,751.1,67.7,2450.3,55.03,1.8
1134,옥수수,수원,2015,18260,13.5,-11.7,35.3,12,4,751.1,67.7,2450.3,55.03,1.8
1135,옥수수,수원,2015,13420,13.5,-11.7,35.3,12,4,751.1,67.7,2450.3,55.03,1.8
1136,옥수수,수원,2015,15540,13.5,-11.7,35.3,12,4,751.1,67.7,2450.3,55.03,1.8
1137,옥수수,수원,2015,19380,13.5,-11.7,35.3,12,4,751.1,67.7,2450.3,55.03,1.8
1138,옥수수,수원,2015,16780,13.5,-11.7,35.3,12,4,751.1,67.7,2450.3,55.03,1.8
1139,옥수수,천안,2015,15320,13,-12.8,36.3,10,5,728,71.7,2124.7,48.45,1.9
1140,옥수수,천안,2015,17450,13,-12.8,36.3,10,5,728,71.7,2124.7,48.45,1.9
1141,옥수수,천안,2015,14620,13,-12.8,36.3,10,5,728,71.7,2124.7,48.45,1.9
1142,옥수수,천안,2015,15090,13,-12.8,36.3,10,5,728,71.7,2124.7,48.45,1.9
1143,옥수수,천안,2015,17550,13,-12.8,36.3,10,5,728,71.7,2124.7,48.45,1.9
1144,옥수수,천안,2015,14670,13,-12.8,36.3,10,5,728,71.7,2124.7,48.45,1.9
1145,옥수수,천안,2015,13010,13,-12.8,36.3,10,5,728,71.7,2124.7,48.45,1.9
1146,옥수수,천안,2015,13340,13,-12.8,36.3,10,5,728,71.7,2124.7,48.45,1.9
1147,옥수수,천안,2015,15620,13,-12.8,36.3,10,5,728,71.7,2124.7,48.45,1.9
1148,옥수수,천안,2015,14990,13,-12.8,36.3,10,5,728,71.7,2124.7,48.45,1.9
1149,옥수수,천안,2015,13170,13,-12.8,36.3,10,5,728,71.7,2124.7,48.45,1.9
1150,옥수수,천안,2015,11890,13,-12.8,36.3,10,5,728,71.7,2124.7,48.45,1.9
1151,옥수수,천안,2005,17750,11.8,-17.8,36.2,9,4,1309.3,67.8,2121.5,47.65,1.8
1152,옥수수,천안,2005,17570,11.8,-17.8,36.2,9,4,1309.3,67.8,2121.5,47.65,1.8
1153,옥수수,천안,2005,19220,11.8,-17.8,36.2,9,4,1309.3,67.8,2121.5,47.65,1.8
1154,옥수수,천안,2005,20330,11.8,-17.8,36.2,9,4,1309.3,67.8,2121.5,47.65,1.8
1155,옥수수,천안,2005,16960,11.8,-17.8,36.2,9,4,1309.3,67.8,2121.5,47.65,1.8
1156,옥수수,천안,2005,16060,11.8,-17.8,36.2,9,4,1309.3,67.8,2121.5,47.65,1.8
1157,옥수수,천안,2005,17820,11.8,-17.8,36.2,9,4,1309.3,67.8,2121.5,47.65,1.8
1158,옥수수,천안,2005,21910,11.8,-17.8,36.2,9,4,1309.3,67.8,2121.5,47.65,1.8
1159,옥수수,천안,2005,20900,11.8,-17.8,36.2,9,4,1309.3,67.8,2121.5,47.65,1.8
1160,옥수수,천안,2005,21650,11.8,-17.8,36.2,9,4,1309.3,67.8,2121.5,47.65,1.8
1161,옥수수,천안,2005,16690,11.8,-17.8,36.2,9,4,1309.3,67.8,2121.5,47.65,1.8
1162,옥수수,천안,2005,19700,11.8,-17.8,36.2,9,4,1309.3,67.8,2121.5,47.65,1.8
1163,옥수수,천안,2016,16870,12.7,-18.6,35.1,17,7,1004.8,69.9,2223.8,49.83,1.5
1164,옥수수,천안,2016,16520,12.7,-18.6,35.1,17,7,1004.8,69.9,2223.8,49.83,1.5
1165,옥수수,천안,2016,19530,12.7,-18.6,35.1,17,7,1004.8,69.9,2223.8,49.83,1.5
1166,옥수수,천안,2016,17680,12.7,-18.6,35.1,17,7,1004.8,69.9,2223.8,49.83,1.5
1167,옥수수,천안,2016,21320,12.7,-18.6,35.1,17,7,1004.8,69.9,2223.8,49.83,1.5
1168,옥수수,천안,2016,19590,12.7,-18.6,35.1,17,7,1004.8,69.9,2223.8,49.83,1.5
1169,옥수수,천안,2016,16980,12.7,-18.6,35.1,17,7,1004.8,69.9,2223.8,49.83,1.5
1170,옥수수,천안,2016,21490,12.7,-18.6,35.1,17,7,1004.8,69.9,2223.8,49.83,1.5
1171,옥수수,천안,2016,14360,12.7,-18.6,35.1,17,7,1004.8,69.9,2223.8,49.83,1.5
1172,옥수수,천안,2016,13870,12.7,-18.6,35.1,17,7,1004.8,69.9,2223.8,49.83,1.5
1173,옥수수,천안,2016,16480,12.7,-18.6,35.1,17,7,1004.8,69.9,2223.8,49.83,1.5
1174,옥수수,천안,2016,14400,12.7,-18.6,35.1,17,7,1004.8,69.9,2223.8,49.83,1.5
1175,옥수수,천안,2014,17540,12.8,-14.5,34.6,6,2,1020.5,67.1,2403.3,54.56,1.9
1176,옥수수,천안,2014,20350,12.8,-14.5,34.6,6,2,1020.5,67.1,2403.3,54.56,1.9
1177,옥수수,천안,2014,17420,12.8,-14.5,34.6,6,2,1020.5,67.1,2403.3,54.56,1.9
1178,옥수수,천안,2014,19470,12.8,-14.5,34.6,6,2,1020.5,67.1,2403.3,54.56,1.9
1179,옥수수,천안,2014,13890,12.8,-14.5,34.6,6,2,1020.5,67.1,2403.3,54.56,1.9
1180,옥수수,천안,2014,14440,12.8,-14.5,34.6,6,2,1020.5,67.1,2403.3,54.56,1.9
1181,옥수수,천안,2014,15890,12.8,-14.5,34.6,6,2,1020.5,67.1,2403.3,54.56,1.9
1182,옥수수,천안,2014,10500,12.8,-14.5,34.6,6,2,1020.5,67.1,2403.3,54.56,1.9
1183,옥수수,천안,2014,18330,12.8,-14.5,34.6,6,2,1020.5,67.1,2403.3,54.56,1.9
1184,옥수수,천안,2014,12170,12.8,-14.5,34.6,6,2,1020.5,67.1,2403.3,54.56,1.9
1185,옥수수,천안,2014,14950,12.8,-14.5,34.6,6,2,1020.5,67.1,2403.3,54.56,1.9
1186,옥수수,천안,2014,17140,12.8,-14.5,34.6,6,2,1020.5,67.1,2403.3,54.56,1.9
1187,옥수수,천안,2014,15900,12.8,-14.5,34.6,6,2,1020.5,67.1,2403.3,54.56,1.9
1188,옥수수,천안,2013,15530,12.3,-19.2,35.6,14,6,1095.6,70.8,2469.8,55.47,2
1189,옥수수,천안,2013,12770,12.3,-19.2,35.6,14,6,1095.6,70.8,2469.8,55.47,2
1190,옥수수,천안,2013,15340,12.3,-19.2,35.6,14,6,1095.6,70.8,2469.8,55.47,2
1191,옥수수,천안,2013,13490,12.3,-19.2,35.6,14,6,1095.6,70.8,2469.8,55.47,2
1192,옥수수,천안,2013,14850,12.3,-19.2,35.6,14,6,1095.6,70.8,2469.8,55.47,2
1193,옥수수,천안,2013,14810,12.3,-19.2,35.6,14,6,1095.6,70.8,2469.8,55.47,2
1194,옥수수,천안,2013,15240,12.3,-19.2,35.6,14,6,1095.6,70.8,2469.8,55.47,2
1195,옥수수,천안,2013,15610,12.3,-19.2,35.6,14,6,1095.6,70.8,2469.8,55.47,2
1196,옥수수,천안,2013,14820,12.3,-19.2,35.6,14,6,1095.6,70.8,2469.8,55.47,2
1197,옥수수,천안,2013,16730,12.3,-19.2,35.6,14,6,1095.6,70.8,2469.8,55.47,2
1198,옥수수,천안,2013,13530,12.3,-19.2,35.6,14,6,1095.6,70.8,2469.8,55.47,2
1199,옥수수,천안,2013,15880,12.3,-19.2,35.6,14,6,1095.6,70.8,2469.8,55.47,2
1200,옥수수,천안,2013,13360,12.3,-19.2,35.6,14,6,1095.6,70.8,2469.8,55.47,2
1201,옥수수,천안,2013,15090,12.3,-19.2,35.6,14,6,1095.6,70.8,2469.8,55.47,2
1202,옥수수,천안,2012,10370,11.9,-17.8,36.4,20,17,1336.7,67.2,2248.8,50.39,2.1
1203,옥수수,천안,2012,10730,11.9,-17.8,36.4,20,17,1336.7,67.2,2248.8,50.39,2.1
1204,옥수수,천안,2012,10870,11.9,-17.8,36.4,20,17,1336.7,67.2,2248.8,50.39,2.1
1205,옥수수,천안,2012,8210,11.9,-17.8,36.4,20,17,1336.7,67.2,2248.8,50.39,2.1
1206,옥수수,천안,2012,12130,11.9,-17.8,36.4,20,17,1336.7,67.2,2248.8,50.39,2.1
1207,옥수수,천안,2012,11260,11.9,-17.8,36.4,20,17,1336.7,67.2,2248.8,50.39,2.1
1208,옥수수,천안,2012,9340,11.9,-17.8,36.4,20,17,1336.7,67.2,2248.8,50.39,2.1
1209,옥수수,천안,2012,9760,11.9,-17.8,36.4,20,17,1336.7,67.2,2248.8,50.39,2.1
1210,옥수수,천안,2012,9400,11.9,-17.8,36.4,20,17,1336.7,67.2,2248.8,50.39,2.1
1211,옥수수,천안,2011,13570,12,-18.3,34.3,6,4,1845.8,67.3,2048.5,46,2.1
1212,옥수수,천안,2011,12940,12,-18.3,34.3,6,4,1845.8,67.3,2048.5,46,2.1
1213,옥수수,천안,2011,11640,12,-18.3,34.3,6,4,1845.8,67.3,2048.5,46,2.1
1214,옥수수,천안,2011,12330,12,-18.3,34.3,6,4,1845.8,67.3,2048.5,46,2.1
1215,옥수수,천안,2011,13190,12,-18.3,34.3,6,4,1845.8,67.3,2048.5,46,2.1
1216,옥수수,천안,2011,11580,12,-18.3,34.3,6,4,1845.8,67.3,2048.5,46,2.1
1217,옥수수,천안,2011,12190,12,-18.3,34.3,6,4,1845.8,67.3,2048.5,46,2.1
1218,옥수수,천안,2011,10780,12,-18.3,34.3,6,4,1845.8,67.3,2048.5,46,2.1
1219,옥수수,천안,2011,10340,12,-18.3,34.3,6,4,1845.8,67.3,2048.5,46,2.1
1220,옥수수,천안,2011,10770,12,-18.3,34.3,6,4,1845.8,67.3,2048.5,46,2.1
1221,옥수수,천안,2010,20650,12.2,-19.5,34.9,14,5,1378.3,70.4,1970.9,44.26,2
1222,옥수수,천안,2010,21560,12.2,-19.5,34.9,14,5,1378.3,70.4,1970.9,44.26,2
1223,옥수수,천안,2010,22900,12.2,-19.5,34.9,14,5,1378.3,70.4,1970.9,44.26,2
1224,옥수수,천안,2010,20110,12.2,-19.5,34.9,14,5,1378.3,70.4,1970.9,44.26,2
1225,옥수수,천안,2010,20670,12.2,-19.5,34.9,14,5,1378.3,70.4,1970.9,44.26,2
1226,옥수수,천안,2010,20630,12.2,-19.5,34.9,14,5,1378.3,70.4,1970.9,44.26,2
1227,옥수수,천안,2010,20910,12.2,-19.5,34.9,14,5,1378.3,70.4,1970.9,44.26,2
1228,옥수수,천안,2010,20660,12.2,-19.5,34.9,14,5,1378.3,70.4,1970.9,44.26,2
1229,옥수수,천안,2010,19200,12.2,-19.5,34.9,14,5,1378.3,70.4,1970.9,44.26,2
1230,옥수수,천안,2010,19940,12.2,-19.5,34.9,14,5,1378.3,70.4,1970.9,44.26,2
1231,옥수수,천안,2010,17170,12.2,-19.5,34.9,14,5,1378.3,70.4,1970.9,44.26,2
1232,옥수수,천안,2007,16800,12.5,-13.6,34.9,3,2,1562.4,69.2,1934.1,43.43,1.7
1233,옥수수,천안,2007,21250,12.5,-13.6,34.9,3,2,1562.4,69.2,1934.1,43.43,1.7
1234,옥수수,천안,2007,18210,12.5,-13.6,34.9,3,2,1562.4,69.2,1934.1,43.43,1.7
1235,옥수수,천안,2007,17820,12.5,-13.6,34.9,3,2,1562.4,69.2,1934.1,43.43,1.7
1236,옥수수,천안,2007,19680,12.5,-13.6,34.9,3,2,1562.4,69.2,1934.1,43.43,1.7
1237,옥수수,천안,2007,23210,12.5,-13.6,34.9,3,2,1562.4,69.2,1934.1,43.43,1.7
1238,옥수수,천안,2007,17810,12.5,-13.6,34.9,3,2,1562.4,69.2,1934.1,43.43,1.7
1239,옥수수,천안,2007,22140,12.5,-13.6,34.9,3,2,1562.4,69.2,1934.1,43.43,1.7
1240,옥수수,천안,2006,19520,11.5,-15.6,33.5,6,3,1043.3,67.6,2010.9,45.15,1.8
1241,옥수수,천안,2006,23380,11.5,-15.6,33.5,6,3,1043.3,67.6,2010.9,45.15,1.8
1242,옥수수,천안,2006,22080,11.5,-15.6,33.5,6,3,1043.3,67.6,2010.9,45.15,1.8
1243,옥수수,천안,2006,19960,11.5,-15.6,33.5,6,3,1043.3,67.6,2010.9,45.15,1.8
1244,옥수수,천안,2006,22040,11.5,-15.6,33.5,6,3,1043.3,67.6,2010.9,45.15,1.8
1245,옥수수,천안,2006,21420,11.5,-15.6,33.5,6,3,1043.3,67.6,2010.9,45.15,1.8
1246,옥수수,천안,2006,22400,11.5,-15.6,33.5,6,3,1043.3,67.6,2010.9,45.15,1.8
1247,옥수수,천안,2006,20560,11.5,-15.6,33.5,6,3,1043.3,67.6,2010.9,45.15,1.8
1248,옥수수,천안,2006,24070,11.5,-15.6,33.5,6,3,1043.3,67.6,2010.9,45.15,1.8
1249,옥수수,천안,2006,19990,11.5,-15.6,33.5,6,3,1043.3,67.6,2010.9,45.15,1.8
1250,옥수수,천안,2006,24540,11.5,-15.6,33.5,6,3,1043.3,67.6,2010.9,45.15,1.8
1251,옥수수,홍천,2014,20840,11.7,-19.9,36.1,15,4,703.5,65.3,2327.4,52.25,1.1
1252,옥수수,홍천,2014,20450,11.7,-19.9,36.1,15,4,703.5,65.3,2327.4,52.25,1.1
1253,옥수수,홍천,2014,21130,11.7,-19.9,36.1,15,4,703.5,65.3,2327.4,52.25,1.1
1254,옥수수,홍천,2014,25720,11.7,-19.9,36.1,15,4,703.5,65.3,2327.4,52.25,1.1
1255,옥수수,홍천,2014,19570,11.7,-19.9,36.1,15,4,703.5,65.3,2327.4,52.25,1.1
1256,옥수수,홍천,2014,18210,11.7,-19.9,36.1,15,4,703.5,65.3,2327.4,52.25,1.1
1257,옥수수,홍천,2014,18460,11.7,-19.9,36.1,15,4,703.5,65.3,2327.4,52.25,1.1
1258,옥수수,홍천,2014,24320,11.7,-19.9,36.1,15,4,703.5,65.3,2327.4,52.25,1.1
1259,옥수수,홍천,2014,21710,11.7,-19.9,36.1,15,4,703.5,65.3,2327.4,52.25,1.1
1260,옥수수,홍천,2014,29390,11.7,-19.9,36.1,15,4,703.5,65.3,2327.4,52.25,1.1
1261,옥수수,홍천,2014,21790,11.7,-19.9,36.1,15,4,703.5,65.3,2327.4,52.25,1.1
1262,옥수수,홍천,2014,17100,11.7,-19.9,36.1,15,4,703.5,65.3,2327.4,52.25,1.1
1263,옥수수,홍천,2014,20030,11.7,-19.9,36.1,15,4,703.5,65.3,2327.4,52.25,1.1
1264,옥수수,홍천,2013,12460,10.8,-24.1,34.6,16,6,1302.3,69.7,2247.8,50.47,1.1
1265,옥수수,홍천,2013,11250,10.8,-24.1,34.6,16,6,1302.3,69.7,2247.8,50.47,1.1
1266,옥수수,홍천,2013,13760,10.8,-24.1,34.6,16,6,1302.3,69.7,2247.8,50.47,1.1
1267,옥수수,홍천,2013,9030,10.8,-24.1,34.6,16,6,1302.3,69.7,2247.8,50.47,1.1
1268,옥수수,홍천,2013,9190,10.8,-24.1,34.6,16,6,1302.3,69.7,2247.8,50.47,1.1
1269,옥수수,홍천,2013,13260,10.8,-24.1,34.6,16,6,1302.3,69.7,2247.8,50.47,1.1
1270,옥수수,홍천,2013,12060,10.8,-24.1,34.6,16,6,1302.3,69.7,2247.8,50.47,1.1
1271,옥수수,홍천,2013,9520,10.8,-24.1,34.6,16,6,1302.3,69.7,2247.8,50.47,1.1
1272,옥수수,홍천,2013,11860,10.8,-24.1,34.6,16,6,1302.3,69.7,2247.8,50.47,1.1
1273,옥수수,홍천,2013,9880,10.8,-24.1,34.6,16,6,1302.3,69.7,2247.8,50.47,1.1
1274,옥수수,홍천,2013,8160,10.8,-24.1,34.6,16,6,1302.3,69.7,2247.8,50.47,1.1
1275,옥수수,홍천,2013,8340,10.8,-24.1,34.6,16,6,1302.3,69.7,2247.8,50.47,1.1
1276,옥수수,홍천,2013,11600,10.8,-24.1,34.6,16,6,1302.3,69.7,2247.8,50.47,1.1
1277,옥수수,홍천,2013,12030,10.8,-24.1,34.6,16,6,1302.3,69.7,2247.8,50.47,1.1
1278,옥수수,홍천,2012,19240,10.6,-22.2,37.9,24,10,1277.8,64.7,2307.4,51.69,1.2
1279,옥수수,홍천,2012,18150,10.6,-22.2,37.9,24,10,1277.8,64.7,2307.4,51.69,1.2
1280,옥수수,홍천,2012,19790,10.6,-22.2,37.9,24,10,1277.8,64.7,2307.4,51.69,1.2
1281,옥수수,홍천,2012,19440,10.6,-22.2,37.9,24,10,1277.8,64.7,2307.4,51.69,1.2
1282,옥수수,홍천,2012,20470,10.6,-22.2,37.9,24,10,1277.8,64.7,2307.4,51.69,1.2
1283,옥수수,홍천,2012,20870,10.6,-22.2,37.9,24,10,1277.8,64.7,2307.4,51.69,1.2
1284,옥수수,홍천,2012,19230,10.6,-22.2,37.9,24,10,1277.8,64.7,2307.4,51.69,1.2
1285,옥수수,홍천,2012,20610,10.6,-22.2,37.9,24,10,1277.8,64.7,2307.4,51.69,1.2
1286,옥수수,홍천,2012,18010,10.6,-22.2,37.9,24,10,1277.8,64.7,2307.4,51.69,1.2
1287,옥수수,홍천,2011,18880,10.7,-22.5,36,12,3,1639.6,65.7,1935.5,43.45,1.2
1288,옥수수,홍천,2011,15390,10.7,-22.5,36,12,3,1639.6,65.7,1935.5,43.45,1.2
1289,옥수수,홍천,2011,22450,10.7,-22.5,36,12,3,1639.6,65.7,1935.5,43.45,1.2
1290,옥수수,홍천,2011,19070,10.7,-22.5,36,12,3,1639.6,65.7,1935.5,43.45,1.2
1291,옥수수,홍천,2011,16080,10.7,-22.5,36,12,3,1639.6,65.7,1935.5,43.45,1.2
1292,옥수수,홍천,2011,23630,10.7,-22.5,36,12,3,1639.6,65.7,1935.5,43.45,1.2
1293,옥수수,홍천,2011,15490,10.7,-22.5,36,12,3,1639.6,65.7,1935.5,43.45,1.2
1294,옥수수,홍천,2011,15090,10.7,-22.5,36,12,3,1639.6,65.7,1935.5,43.45,1.2
1295,옥수수,홍천,2011,16110,10.7,-22.5,36,12,3,1639.6,65.7,1935.5,43.45,1.2
1296,옥수수,홍천,2011,16080,10.7,-22.5,36,12,3,1639.6,65.7,1935.5,43.45,1.2
1297,옥수수,홍천,2010,22520,10.9,-23.9,35.2,21,4,1305.5,67.4,1760.7,39.52,1.2
1298,옥수수,홍천,2010,18930,10.9,-23.9,35.2,21,4,1305.5,67.4,1760.7,39.52,1.2
1299,옥수수,홍천,2010,20420,10.9,-23.9,35.2,21,4,1305.5,67.4,1760.7,39.52,1.2
1300,옥수수,홍천,2010,18840,10.9,-23.9,35.2,21,4,1305.5,67.4,1760.7,39.52,1.2
1301,옥수수,홍천,2010,19560,10.9,-23.9,35.2,21,4,1305.5,67.4,1760.7,39.52,1.2
1302,옥수수,홍천,2010,22270,10.9,-23.9,35.2,21,4,1305.5,67.4,1760.7,39.52,1.2
1303,옥수수,홍천,2010,20040,10.9,-23.9,35.2,21,4,1305.5,67.4,1760.7,39.52,1.2
1304,옥수수,홍천,2010,20120,10.9,-23.9,35.2,21,4,1305.5,67.4,1760.7,39.52,1.2
1305,옥수수,홍천,2010,21300,10.9,-23.9,35.2,21,4,1305.5,67.4,1760.7,39.52,1.2
1306,옥수수,홍천,2010,21380,10.9,-23.9,35.2,21,4,1305.5,67.4,1760.7,39.52,1.2
1307,옥수수,홍천,2010,22750,10.9,-23.9,35.2,21,4,1305.5,67.4,1760.7,39.52,1.2
1308,옥수수,홍천,2007,18230,11.3,-16.5,36.1,13,3,1308,69.8,1878.8,42.18,1
1309,옥수수,홍천,2007,20740,11.3,-16.5,36.1,13,3,1308,69.8,1878.8,42.18,1
1310,옥수수,홍천,2007,20120,11.3,-16.5,36.1,13,3,1308,69.8,1878.8,42.18,1
1311,옥수수,홍천,2007,18340,11.3,-16.5,36.1,13,3,1308,69.8,1878.8,42.18,1
1312,옥수수,홍천,2007,16670,11.3,-16.5,36.1,13,3,1308,69.8,1878.8,42.18,1
1313,옥수수,홍천,2007,18410,11.3,-16.5,36.1,13,3,1308,69.8,1878.8,42.18,1
1314,옥수수,홍천,2007,17890,11.3,-16.5,36.1,13,3,1308,69.8,1878.8,42.18,1
1315,옥수수,홍천,2007,17580,11.3,-16.5,36.1,13,3,1308,69.8,1878.8,42.18,1
1316,옥수수,홍천,2005,17080,10.3,-19.3,35.9,12,6,1797.8,66.9,2102.1,47.19,1.1
1317,옥수수,홍천,2005,16540,10.3,-19.3,35.9,12,6,1797.8,66.9,2102.1,47.19,1.1
1318,옥수수,홍천,2005,19480,10.3,-19.3,35.9,12,6,1797.8,66.9,2102.1,47.19,1.1
1319,옥수수,홍천,2005,19330,10.3,-19.3,35.9,12,6,1797.8,66.9,2102.1,47.19,1.1
1320,옥수수,홍천,2005,20140,10.3,-19.3,35.9,12,6,1797.8,66.9,2102.1,47.19,1.1
1321,옥수수,홍천,2005,21000,10.3,-19.3,35.9,12,6,1797.8,66.9,2102.1,47.19,1.1
1322,옥수수,홍천,2005,19110,10.3,-19.3,35.9,12,6,1797.8,66.9,2102.1,47.19,1.1
1323,옥수수,홍천,2005,18610,10.3,-19.3,35.9,12,6,1797.8,66.9,2102.1,47.19,1.1
1324,옥수수,홍천,2005,18920,10.3,-19.3,35.9,12,6,1797.8,66.9,2102.1,47.19,1.1
1325,옥수수,홍천,2005,19970,10.3,-19.3,35.9,12,6,1797.8,66.9,2102.1,47.19,1.1
1326,옥수수,홍천,2005,18490,10.3,-19.3,35.9,12,6,1797.8,66.9,2102.1,47.19,1.1
1327,옥수수,홍천,2005,17680,10.3,-19.3,35.9,12,6,1797.8,66.9,2102.1,47.19,1.1
1328,옥수수,홍천,2016,21470,12.3,-19.3,36.6,35,17,967.9,65.5,2378.1,53.28,1.2
1329,옥수수,홍천,2016,21670,12.3,-19.3,36.6,35,17,967.9,65.5,2378.1,53.28,1.2
1330,옥수수,홍천,2016,24270,12.3,-19.3,36.6,35,17,967.9,65.5,2378.1,53.28,1.2
1331,옥수수,홍천,2016,25240,12.3,-19.3,36.6,35,17,967.9,65.5,2378.1,53.28,1.2
1332,옥수수,홍천,2016,22710,12.3,-19.3,36.6,35,17,967.9,65.5,2378.1,53.28,1.2
1333,옥수수,홍천,2016,25000,12.3,-19.3,36.6,35,17,967.9,65.5,2378.1,53.28,1.2
1334,옥수수,홍천,2016,22490,12.3,-19.3,36.6,35,17,967.9,65.5,2378.1,53.28,1.2
1335,옥수수,홍천,2016,21020,12.3,-19.3,36.6,35,17,967.9,65.5,2378.1,53.28,1.2
1336,옥수수,홍천,2016,22060,12.3,-19.3,36.6,35,17,967.9,65.5,2378.1,53.28,1.2
1337,옥수수,홍천,2016,19440,12.3,-19.3,36.6,35,17,967.9,65.5,2378.1,53.28,1.2
1338,옥수수,홍천,2016,23980,12.3,-19.3,36.6,35,17,967.9,65.5,2378.1,53.28,1.2
1339,옥수수,홍천,2016,19690,12.3,-19.3,36.6,35,17,967.9,65.5,2378.1,53.28,1.2
1340,옥수수,홍천,2015,24630,12.2,-16.4,37.1,21,6,740,64.8,2459.6,55.22,1.2
1341,옥수수,홍천,2015,24560,12.2,-16.4,37.1,21,6,740,64.8,2459.6,55.22,1.2
1342,옥수수,홍천,2015,24100,12.2,-16.4,37.1,21,6,740,64.8,2459.6,55.22,1.2
1343,옥수수,홍천,2015,24530,12.2,-16.4,37.1,21,6,740,64.8,2459.6,55.22,1.2
1344,옥수수,홍천,2015,28650,12.2,-16.4,37.1,21,6,740,64.8,2459.6,55.22,1.2
1345,옥수수,홍천,2015,23790,12.2,-16.4,37.1,21,6,740,64.8,2459.6,55.22,1.2
1346,옥수수,홍천,2015,23560,12.2,-16.4,37.1,21,6,740,64.8,2459.6,55.22,1.2
1347,옥수수,홍천,2015,24350,12.2,-16.4,37.1,21,6,740,64.8,2459.6,55.22,1.2
1348,옥수수,홍천,2015,22670,12.2,-16.4,37.1,21,6,740,64.8,2459.6,55.22,1.2
1349,옥수수,홍천,2015,21210,12.2,-16.4,37.1,21,6,740,64.8,2459.6,55.22,1.2
1350,옥수수,홍천,2015,23000,12.2,-16.4,37.1,21,6,740,64.8,2459.6,55.22,1.2
1351,옥수수,홍천,2015,24420,12.2,-16.4,37.1,21,6,740,64.8,2459.6,55.22,1.2
