번호,품종,지역,연도,건물수량(kg/ha),연평균기온,최저기온,최고기온,고온일수,연속고온지속일수,강수량
1,이탈리안 라이그라스,천안,2006,10668,11.5,-15.6,33.5,6,3,1043.3
2,이탈리안 라이그라스,제주,2006,18966,16.2,-1.8,34,7,2,1527.4
3,이탈리안 라이그라스,연천,2006,8600,11.2,-17.5,34.8,8,3,1360.1
4,이탈리안 라이그라스,익산,2006,6193,14.1,-13.1,36.4,28,19,1187.5
5,이탈리안 라이그라스,천안,2007,16008,12.5,-13.6,34.9,3,2,1562.4
6,이탈리안 라이그라스,제주,2007,20672,16.5,0.8,34,6,2,2139.8
7,이탈리안 라이그라스,연천,2007,12666,11.5,-13.8,34.3,1,1,1286.3
8,이탈리안 라이그라스,익산,2007,14543,14,-7.2,34.8,16,5,1471.7
9,이탈리안 라이그라스,천안,2008,17900,12.3,-13.4,34.2,7,3,870.1
10,이탈리안 라이그라스,연천,2008,11361,11.7,-15.2,35.2,8,6,1518.2
11,이탈리안 라이그라스,제주,2008,28717,16,-0.5,34.8,4,2,1308.8
12,이탈리안 라이그라스,예산,2008,13040,12,-13.1,33.5,2,1,909.6
13,이탈리안 라이그라스,익산,2008,7480,13.9,-10.8,35.3,19,5,1000
14,이탈리안 라이그라스,천안,2009,11198,12.3,-18.2,33.3,1,1,999.9
15,이탈리안 라이그라스,연천,2009,5087,11.7,-15,34.1,4,3,1527.8
16,이탈리안 라이그라스,제주,2009,15469,16,-2.5,33.6,6,2,1304.8
17,이탈리안 라이그라스,예산,2009,8543,12.3,-13.9,32.5,0,0,1074.3
18,이탈리안 라이그라스,익산,2009,12700,13.6,-12.9,34.4,9,2,1163.9
19,이탈리안 라이그라스,천안,2010,8884,12.2,-19.5,34.9,14,5,1378.3
20,이탈리안 라이그라스,연천,2010,10451,10.9,-19.5,33,1,1,1939.5
21,이탈리안 라이그라스,제주,2010,16231,15.6,-2.3,35.8,13,5,1584.9
22,이탈리안 라이그라스,예산,2010,7480,11.7,-13.2,31.8,0,0,2141.8
23,이탈리안 라이그라스,익산,2010,10211,13.5,-10.9,35.7,26,7,1462.3
24,이탈리안 라이그라스,천안,2011,9057,12,-18.3,34.3,6,4,1845.8
25,이탈리안 라이그라스,연천,2011,2020,10.7,-19.1,35.2,6,2,2311.2
26,이탈리안 라이그라스,제주,2011,16161,15.6,-2.8,34.7,8,3,1478.6
27,이탈리안 라이그라스,예산,2011,8268,11.6,-14.7,33,1,1,1704.4
28,이탈리안 라이그라스,익산,2011,5724,13.1,-13.4,36.2,16,6,1621.8
29,이탈리안 라이그라스,천안,2013,15806,12.3,-19.2,35.6,14,6,1095.6
30,이탈리안 라이그라스,연천,2013,11528,-20.7,34.3,6.4,5,2,1470.9
31,이탈리안 라이그라스,제주,2013,18437,16.5,-1.8,36.3,23,5,859.1
32,이탈리안 라이그라스,예산,2013,12630,11.8,-16.6,33.4,2,1,1018.7
33,이탈리안 라이그라스,익산,2013,8191,13.8,-15.3,37.8,39,18,1264.7
34,이탈리안 라이그라스,수원,2005,9318,12,-14.4,35.1,7,3,84.5
35,이탈리안 라이그라스,남원,2005,11306,12,-19.3,37,20,9,1126.2
36,이탈리안 라이그라스,수원,2006,10330,12.9,-13.2,35.9,13,5,169.5
37,이탈리안 라이그라스,남원,2006,12605,12.8,-15.1,35.9,22,19,1381.5
38,이탈리안 라이그라스,천안,2006,10330,11.5,-15.6,33.5,6,3,1043.3
39,이탈리안 라이그라스,남원,2006,12605,12.8,-15.1,35.9,22,19,1381.5
40,이탈리안 라이그라스,천안,2007,16683,12.5,-13.6,34.9,3,2,1562.4
41,이탈리안 라이그라스,남원,2007,11884,13,-9.6,35,20,4,1815.2
42,이탈리안 라이그라스,전주,2015,7674,14.2,-10.1,35.3,13,10,813.5
43,이탈리안 라이그라스,제주,2015,11405,16.7,-0.7,36.7,7,2,1728.3
44,이탈리안 라이그라스,전주,2016,10684,14.3,-13,36.2,32,19,1117.7
45,이탈리안 라이그라스,제주,2016,16796,17,-5.8,35.5,15,7,1416.4
46,이탈리안 라이그라스,수원,2003,6652,12.3,-16.2,31.3,0,0,121.5
47,이탈리안 라이그라스,수원,2004,10131,12.8,-15.9,35.1,12,5,89.5
48,이탈리안 라이그라스,수원,2005,4392,12,-14.4,35.1,7,3,84.5
49,이탈리안 라이그라스,수원,2006,7213,12.9,-13.2,35.9,13,5,169.5
50,이탈리안 라이그라스,연천,2005,2263,10.3,-18,34.8,7,3,1378.2
51,이탈리안 라이그라스,연천,2006,3565,11.2,-17.5,34.8,8,3,1360.1
52,이탈리안 라이그라스,천안,2017,13049,11.8,-15.9,35.2,6,3,1305
53,이탈리안 라이그라스,연천,2017,6855,11.8,-16.6,35.9,18,7,989.7
54,이탈리안 라이그라스,제주,2017,31243,16.8,-1.1,37,23,6,773.3
55,이탈리안 라이그라스,예산,2017,6512,12.2,-12.9,34.7,7,5,830.4
56,이탈리안 라이그라스,익산,2017,9327,13.6,-9.7,35.1,12,7,947.8
57,이탈리안 라이그라스,천안,2016,12765,12.7,-18.6,35.1,17,7,1004.8
58,이탈리안 라이그라스,연천,2016,2733,12.6,-19.3,35.7,28,11,1087.2
59,이탈리안 라이그라스,제주,2016,19180,17,-5.8,35.5,15,7,1416.4
60,이탈리안 라이그라스,예산,2016,9988,12.9,-12.7,34.6,16,10,922.1
61,이탈리안 라이그라스,익산,2016,12862,14.3,-13,36.2,32,19,1117.7
62,이탈리안 라이그라스,천안,2018,13769,11.8,-20.6,37.8,31,22,1163.4
63,이탈리안 라이그라스,연천,2018,5642,11.7,-20.4,38.7,33,21,1500
64,이탈리안 라이그라스,제주,2018,12169,16.6,-2.6,35.3,15,4,1769.5
65,이탈리안 라이그라스,예산,2018,5382,12.2,-15.9,37.1,26,14,1227.2
66,이탈리안 라이그라스,익산,2018,8527,13.9,-15,38.9,41,35,1332.5
67,이탈리안 라이그라스,천안,2006,10474,11.5,-15.6,33.5,6,3,1043.3
68,이탈리안 라이그라스,제주,2006,22780,16.2,-1.8,34,7,2,1527.4
69,이탈리안 라이그라스,연천,2006,11562,11.2,-17.5,34.8,8,3,1360.1
70,이탈리안 라이그라스,익산,2006,6918,14.1,-13.1,36.4,28,19,1187.5
71,이탈리안 라이그라스,천안,2007,18321,12.5,-13.6,34.9,3,2,1562.4
72,이탈리안 라이그라스,제주,2007,20482,16.5,0.8,34,6,2,2139.8
73,이탈리안 라이그라스,연천,2007,9647,11.5,-13.8,34.3,1,1,1286.3
74,이탈리안 라이그라스,익산,2007,15550,14,-7.2,34.8,16,5,1471.7
75,이탈리안 라이그라스,천안,2008,18824,12.3,-13.4,34.2,7,3,870.1
76,이탈리안 라이그라스,연천,2008,11725,11.7,-15.2,35.2,8,6,1518.2
77,이탈리안 라이그라스,제주,2008,26938,16,-0.5,34.8,4,2,1308.8
78,이탈리안 라이그라스,예산,2008,11181,12,-13.1,33.5,2,1,909.6
79,이탈리안 라이그라스,익산,2008,9130,13.9,-10.8,35.3,19,5,1000
80,이탈리안 라이그라스,천안,2009,13132,12.3,-18.2,33.3,1,1,999.9
81,이탈리안 라이그라스,연천,2009,5166,11.7,-15,34.1,4,3,1527.8
82,이탈리안 라이그라스,제주,2009,10795,16,-2.5,33.6,6,2,1304.8
83,이탈리안 라이그라스,예산,2009,7636,12.3,-13.9,32.5,0,0,1074.3
84,이탈리안 라이그라스,익산,2009,11510,13.6,-12.9,34.4,9,2,1163.9
85,이탈리안 라이그라스,천안,2010,8314,12.2,-19.5,34.9,14,5,1378.3
86,이탈리안 라이그라스,연천,2010,10427,10.9,-19.5,33,1,1,1939.5
87,이탈리안 라이그라스,제주,2010,14506,15.6,-2.3,35.8,13,5,1584.9
88,이탈리안 라이그라스,예산,2010,5820,11.7,-13.2,31.8,0,0,2141.8
89,이탈리안 라이그라스,익산,2010,10208,13.5,-10.9,35.7,26,7,1462.3
90,이탈리안 라이그라스,연천,2017,8778,11.8,-16.6,35.9,18,7,989.7
91,이탈리안 라이그라스,제주,2017,28727,16.8,-1.1,37,23,6,773.3
92,이탈리안 라이그라스,예산,2017,7156,12.2,-12.9,34.7,7,5,830.4
93,이탈리안 라이그라스,익산,2017,8615,13.6,-9.7,35.1,12,7,947.8
94,이탈리안 라이그라스,연천,2016,7664,12.6,-19.3,35.7,28,11,1087.2
95,이탈리안 라이그라스,제주,2016,17556,17,-5.8,35.5,15,7,1416.4
96,이탈리안 라이그라스,예산,2016,9332,12.9,-12.7,34.6,16,10,922.1
97,이탈리안 라이그라스,익산,2016,7299,14.3,-13,36.2,32,19,1117.7
98,이탈리안 라이그라스,연천,2018,5449,11.7,-20.4,38.7,33,21,1500
99,이탈리안 라이그라스,제주,2018,11994,16.6,-2.6,35.3,15,4,1769.5
100,이탈리안 라이그라스,예산,2018,7331,12.2,-15.9,37.1,26,14,1227.2
101,이탈리안 라이그라스,익산,2018,8855,13.9,-15,38.9,41,35,1332.5
102,이탈리안 라이그라스,천안,2011,8340,12,-18.3,34.3,6,4,1845.8
103,이탈리안 라이그라스,연천,2011,2681,10.7,-19.1,35.2,6,2,2311.2
104,이탈리안 라이그라스,제주,2011,12687,15.6,-2.8,34.7,8,3,1478.6
105,이탈리안 라이그라스,예산,2011,7368,11.6,-14.7,33,1,1,1704.4
106,이탈리안 라이그라스,익산,2011,2978,13.1,-13.4,36.2,16,6,1621.8
107,이탈리안 라이그라스,천안,2013,16195,12.3,-19.2,35.6,14,6,1095.6
108,이탈리안 라이그라스,연천,2013,10633,-20.7,34.3,6.4,5,2,1470.9
109,이탈리안 라이그라스,제주,2013,16762,16.5,-1.8,36.3,23,5,859.1
110,이탈리안 라이그라스,예산,2013,12800,11.8,-16.6,33.4,2,1,1018.7
111,이탈리안 라이그라스,익산,2013,7535,13.8,-15.3,37.8,39,18,1264.7
112,이탈리안 라이그라스,천안,2010,3171,12.2,-19.5,34.9,14,5,1378.3
113,이탈리안 라이그라스,성주,2010,7902,13.1,-12.4,35.1,26,7,1153.5
114,이탈리안 라이그라스,천안,2011,5528,12,-18.3,34.3,6,4,1845.8
115,이탈리안 라이그라스,성주,2011,7902,12.8,-13.9,34.2,12,3,1204.3
116,이탈리안 라이그라스,천안,2012,4061,11.9,-17.8,36.4,20,17,1336.7
117,이탈리안 라이그라스,성주,2012,9167,12.5,-14.1,36.4,21,16,1309.6
118,이탈리안 라이그라스,천안,2013,4230,12.3,-19.2,35.6,14,6,1095.6
119,이탈리안 라이그라스,성주,2013,7392,13.4,-15.1,36.7,33,18,895.1
120,이탈리안 라이그라스,전주,2015,9041,14.2,-10.1,35.3,13,10,813.5
121,이탈리안 라이그라스,제주,2015,16473,16.7,-0.7,36.7,7,2,1728.3
122,이탈리안 라이그라스,전주,2016,10630,14.3,-13,36.2,32,19,1117.7
123,이탈리안 라이그라스,제주,2016,17801,17,-5.8,35.5,15,7,1416.4
124,이탈리안 라이그라스,수원,2003,6476,12.3,-16.2,31.3,0,0,121.5
125,이탈리안 라이그라스,수원,2004,9498,12.8,-15.9,35.1,12,5,89.5
126,이탈리안 라이그라스,수원,2005,4720,12,-14.4,35.1,7,3,84.5
127,이탈리안 라이그라스,수원,2006,6971,12.9,-13.2,35.9,13,5,169.5
128,이탈리안 라이그라스,연천,2003,13125,11.1,-19.7,33,1,1,1853.5
129,이탈리안 라이그라스,연천,2004,13701,11.2,-19.6,35.6,6,4,1534.5
130,이탈리안 라이그라스,연천,2005,5513,10.3,-18,34.8,7,3,1378.2
131,이탈리안 라이그라스,연천,2006,6309,11.2,-17.5,34.8,8,3,1360.1
132,이탈리안 라이그라스,천안,2017,12233,11.8,-15.9,35.2,6,3,1305
133,이탈리안 라이그라스,천안,2016,15271,12.7,-18.6,35.1,17,7,1004.8
134,이탈리안 라이그라스,천안,2018,13338,11.8,-20.6,37.8,31,22,1163.4
135,호밀,김제,2006,8350,14.1,-13.1,36.4,17,5,1187.5
136,호밀,김제,2006,8400,14.1,-13.1,36.4,17,5,1187.5
137,호밀,평창,2006,7300,11.2,-18.5,36.8,14,9,1304.2
138,호밀,평창,2006,6840,11.2,-18.5,36.8,14,9,1304.2
139,호밀,연천,2006,5900,11.2,-17.5,34.8,8,3,1360.1
140,호밀,연천,2006,4020,11.2,-17.5,34.8,8,3,1360.1
141,호밀,대구,2006,7660,14.6,-10.1,37.2,27,19,1131.5
142,호밀,대구,2006,8680,14.6,-10.1,37.2,27,19,1131.5
143,호밀,수원,2007,10310,12.9,-9.9,33.2,1,1,1325
144,호밀,수원,2007,8500,12.9,-9.9,33.2,1,1,1325
145,호밀,연천,2007,8960,11.5,-13.8,34.3,1,1,1286.3
146,호밀,연천,2007,7750,11.5,-13.8,34.3,1,1,1286.3
147,호밀,익산,2007,6050,14,-7.2,34.8,16,5,1471.7
148,호밀,익산,2007,6920,14,-7.2,34.8,16,5,1471.7
149,호밀,대구,2007,8260,15,-5.1,36.4,23,8,973.9
150,호밀,대구,2007,8360,15,-5.1,36.4,23,8,973.9
151,호밀,수원,2008,8870,12.8,-12.1,35.7,9,6,1342.9
152,호밀,수원,2008,9080,12.8,-12.1,35.7,9,6,1342.9
153,호밀,연천,2008,9680,11.7,-15.2,35.2,8,6,1518.2
154,호밀,연천,2008,9560,11.7,-15.2,35.2,8,6,1518.2
155,호밀,익산,2008,7340,13.9,-10.8,35.3,19,5,1000
156,호밀,익산,2008,6200,13.9,-10.8,35.3,19,5,1000
157,호밀,대구,2008,7470,14.6,-8.5,36.2,36,12,761.4
158,호밀,대구,2008,6520,14.6,-8.5,36.2,36,12,761.4
159,호밀,수원,2009,10640,12.6,-14.6,34.8,4,3,1541.2
160,호밀,수원,2009,11210,12.6,-14.6,34.8,4,3,1541.2
161,호밀,연천,2009,8590,11.7,-15,34.1,4,3,1527.8
162,호밀,연천,2009,9260,11.7,-15,34.1,4,3,1527.8
163,호밀,익산,2009,7050,13.6,-12.9,34.4,9,2,1163.9
164,호밀,익산,2009,5480,13.6,-12.9,34.4,9,2,1163.9
165,호밀,대구,2009,9240,14.8,-10.5,35.3,18,5,832.5
166,호밀,대구,2009,8630,14.8,-10.5,35.3,18,5,832.5
167,호밀,수원,2010,10110,12.2,-18.6,34.2,10,2,1470.6
168,호밀,수원,2010,9980,12.2,-18.6,34.2,10,2,1470.6
169,호밀,연천,2010,7540,10.9,-19.5,33,1,1,1939.5
170,호밀,연천,2010,7620,10.9,-19.5,33,1,1,1939.5
171,호밀,익산,2010,6390,13.5,-10.9,35.7,26,7,1462.3
172,호밀,익산,2010,5900,13.5,-10.9,35.7,26,7,1462.3
173,호밀,대구,2010,7730,14.4,-10,36.5,41,7,1204.5
174,호밀,대구,2010,7840,14.4,-10,36.5,41,7,1204.5
175,호밀,수원,2011,6960,11.8,-16.9,35.8,8,3,1975.9
176,호밀,수원,2011,6620,11.8,-16.9,35.8,8,3,1975.9
177,호밀,연천,2011,6890,10.7,-19.1,35.2,6,2,2311.2
178,호밀,연천,2011,7060,10.7,-19.1,35.2,6,2,2311.2
179,호밀,익산,2011,8570,13.1,-13.4,36.2,16,6,1621.8
180,호밀,익산,2011,7630,13.1,-13.4,36.2,16,6,1621.8
181,호밀,대구,2011,8900,14.3,-13.1,35.5,29,6,1430.4
182,호밀,대구,2011,8320,14.3,-13.1,35.5,29,6,1430.4
183,호밀,수원,2013,7710,12.3,-18.1,34.7,14,7,1240.1
184,호밀,수원,2013,7770,12.3,-18.1,34.7,14,7,1240.1
185,호밀,익산,2013,7320,13.8,-15.3,37.8,39,18,1264.7
186,호밀,익산,2013,7210,13.8,-15.3,37.8,39,18,1264.7
187,호밀,청원,2013,9310,13.3,-16.9,35.5,24,12,1240.7
188,호밀,청원,2013,12050,13.3,-16.9,35.5,24,12,1240.7
189,호밀,대구,2013,8050,15,-12.5,37.9,54,20,996.4
190,호밀,대구,2013,8840,15,-12.5,37.9,54,20,996.4
191,호밀,수원,2014,11210,13.1,-11.1,34.6,8,4,1029.1
192,호밀,수원,2014,13400,13.1,-11.1,34.6,8,4,1029.1
193,호밀,전주,2014,6400,13.9,-9.7,36,9,3,1206.8
194,호밀,전주,2014,5740,13.9,-9.7,36,9,3,1206.8
195,호밀,청원,2014,7840,13.9,-9.7,36,12,4,913.7
196,호밀,청원,2014,7670,13.9,-9.7,36,12,4,913.7
197,호밀,대구,2014,6150,14.9,-7.4,37.5,22,7,1072.1
198,호밀,대구,2014,7250,14.9,-7.4,37.5,22,7,1072.1
199,호밀,수원,2015,11120,13.5,-11.7,35.3,12,4,751.1
200,호밀,수원,2015,12030,13.5,-11.7,35.3,12,4,751.1
201,호밀,전주,2015,5880,14.2,-10.1,35.3,13,10,813.5
202,호밀,전주,2015,5950,14.2,-10.1,35.3,13,10,813.5
203,호밀,청원,2015,9990,14,-10.8,36.4,12,6,756.9
204,호밀,청원,2015,10890,14,-10.8,36.4,12,6,756.9
205,호밀,대구,2015,4450,14.8,-8.9,38.3,21,16,908.5
206,호밀,대구,2015,4510,14.8,-8.9,38.3,21,16,908.5
207,호밀,수원,1999,9282,12.7,-11.9,34.8,11,4,1556.1
208,호밀,성주,1999,8952,13.1,-12.3,35,7,4,1180.7
209,호밀,수원,2000,8735,12.3,-13.9,34.2,11,4,1328.8
210,호밀,성주,2000,7073,12.8,-11.4,35.4,23,6,1103.2
211,호밀,천안,2002,7417,11.8,-15.3,34.7,4,2,1312.5
212,호밀,성주,2002,10439,13,-9.1,34.9,12,2,1327.1
213,호밀,천안,2003,11999,11.6,-23.8,32,0,0,1628.3
214,호밀,성주,2003,10089,12.8,-11.8,34.5,4,2,1749.8
215,호밀,천안,2006,17077,11.5,-15.6,33.5,6,3,1043.3
216,호밀,성주,2006,7546,13,-12.1,37,22,19,1254.3
217,호밀,천안,2007,19386,12.5,-13.6,34.9,3,2,1562.4
218,호밀,성주,2007,13164,13.2,-8.1,34.5,14,6,1523.8
219,청보리,김제,2006,10890,14.1,-13.1,36.4,17,5,1187.5
220,청보리,아산,2006,8970,11.5,-15.6,33.5,6,3,1043.3
221,청보리,청원,2006,10090,13.3,-13.3,34.2,11,4,1081.1
222,청보리,예산,2006,10470,12.2,-13.6,33,1,1,1139.2
223,청보리,진주,2006,11070,13.6,-13.3,37.5,22,20,1674
224,청보리,수원,2007,16460,12.9,-9.9,33.2,1,1,1325
225,청보리,익산,2007,8450,14,-7.2,34.8,16,5,1471.7
226,청보리,아산,2007,14430,12.5,-13.6,34.9,3,2,1562.4
227,청보리,청원,2007,9420,13.7,-10.1,33.5,5,2,1534.5
228,청보리,예산,2007,10820,12.4,-9,32.4,0,0,1471.1
229,청보리,대구,2007,19280,15,-5.1,36.4,23,8,973.9
230,청보리,진주,2007,7860,14,-10.7,36.2,20,5,1701
231,청보리,수원,2008,11090,12.8,-12.1,35.7,9,6,1342.9
232,청보리,익산,2008,14040,13.9,-10.8,35.3,19,5,1000
233,청보리,아산,2008,9840,12.3,-13.4,34.2,7,3,870.1
234,청보리,제주,2008,14050,16,-0.5,34.8,4,2,1308.8
235,청보리,청원,2008,8030,13.4,-11.9,35.1,17,6,892.3
236,청보리,예산,2008,12040,12,-13.1,33.5,2,1,909.6
237,청보리,대구,2008,9540,14.6,-8.5,36.2,36,12,761.4
238,청보리,진주,2008,11360,14,-10.6,35.5,23,6,885.6
239,청보리,수원,2009,11380,12.6,-14.6,34.8,4,3,1541.2
240,청보리,익산,2009,15960,13.6,-12.9,34.4,9,2,1163.9
241,청보리,아산,2009,8280,12.3,-18.2,33.3,1,1,999.9
242,청보리,제주,2009,13300,16,-2.5,33.6,6,2,1304.8
243,청보리,청원,2009,11470,13,-13.5,33.5,3,1,1019.8
244,청보리,예산,2009,7280,12.3,-13.9,32.5,0,0,1074.3
245,청보리,대구,2009,13350,14.8,-10.5,35.3,18,5,832.5
246,청보리,진주,2009,10450,13.8,-14.1,33.1,1,1,1608.9
247,청보리,수원,2010,15480,12.2,-18.6,34.2,10,2,1470.6
248,청보리,익산,2010,10420,13.5,-10.9,35.7,26,7,1462.3
249,청보리,아산,2010,6060,12.2,-19.5,34.9,14,5,1378.3
250,청보리,청원,2010,10210,13,-15.1,35.7,21,5,1422.4
251,청보리,예산,2010,12810,11.7,-13.2,31.8,0,0,2141.8
252,청보리,대구,2010,11810,14.4,-10,36.5,41,7,1204.5
253,청보리,진주,2010,12390,13.1,-12.5,35.2,7,3,1896
254,청보리,수원,2011,4490,11.8,-16.9,35.8,8,3,1975.9
255,청보리,익산,2011,12820,13.1,-13.4,36.2,16,6,1621.8
256,청보리,청원,2011,9910,12.8,-15.5,35,6,4,1805.6
257,청보리,예산,2011,13260,11.6,-14.7,33,1,1,1704.4
258,청보리,대구,2011,10830,14.3,-13.1,35.5,29,6,1430.4
259,청보리,진주,2011,11480,13,-15.6,34.7,4,2,2026.4
260,청보리,수원,2013,11440,12.3,-18.1,34.7,14,7,1240.1
261,청보리,익산,2013,11760,13.8,-15.3,37.8,39,18,1264.7
262,청보리,청원,2013,13570,13.3,-16.9,35.5,24,12,1240.7
263,청보리,예산,2013,11130,11.8,-16.6,33.4,2,1,1018.7
264,청보리,대구,2013,10710,15,-12.5,37.9,54,20,996.4
265,청보리,진주,2013,12990,13.4,-13,36.7,17,16,1220.6
266,청보리,전주,2014,9890,13.9,-9.7,36,9,3,1206.8
267,청보리,수원,2014,12470,13.1,-11.1,34.6,8,4,1029.1
268,청보리,청원,2014,11000,13.9,-9.7,36,12,4,913.7
269,청보리,예산,2014,10670,12.3,-11.1,33.7,1,1,1000.1
270,청보리,대구,2014,10150,14.9,-7.4,37.5,22,7,1072.1
271,청보리,진주,2014,9450,13.2,-10.6,35.5,6,2,1644.9
272,청보리,전주,2015,9520,14.2,-10.1,35.3,13,10,813.5
273,청보리,수원,2015,19800,13.5,-11.7,35.3,12,4,751.1
274,청보리,청원,2015,12960,14,-10.8,36.4,12,6,756.9
275,청보리,예산,2015,9510,12.7,-10.5,33.7,1,1,815.9
276,청보리,대구,2015,8840,14.8,-8.9,38.3,21,16,908.5
277,청보리,진주,2015,12000,13.4,-11.5,35.5,11,6,1324.8
278,목초,수원,1973,13330,11.3,-24.4,34.6,7,3,1021.8
279,목초,수원,1973,12120,11.3,-24.4,34.6,7,3,1021.8
280,목초,수원,1973,12660,11.3,-24.4,34.6,7,3,1021.8
281,목초,수원,1973,9930,11.3,-24.4,34.6,7,3,1021.8
282,목초,수원,1973,13180,11.3,-24.4,34.6,7,3,1021.8
283,목초,수원,1974,9750,10.2,-20.4,33.2,2,2,1189.3
284,목초,수원,1974,9340,10.2,-20.4,33.2,2,2,1189.3
285,목초,수원,1974,6310,10.2,-20.4,33.2,2,2,1189.3
286,목초,수원,1974,6340,10.2,-20.4,33.2,2,2,1189.3
287,목초,수원,1974,6790,10.2,-20.4,33.2,2,2,1189.3
288,목초,수원,1974,6630,10.2,-20.4,33.2,2,2,1189.3
289,목초,수원,1974,4840,10.2,-20.4,33.2,2,2,1189.3
290,목초,수원,1974,4840,10.2,-20.4,33.2,2,2,1189.3
291,목초,수원,1974,3890,10.2,-20.4,33.2,2,2,1189.3
292,목초,금산,2015,8188,12.6,-13.2,35.7,12,6,877.6
293,목초,금산,2015,6207,12.6,-13.2,35.7,12,6,877.6
294,목초,금산,2015,6650,12.6,-13.2,35.7,12,6,877.6
295,목초,금산,2015,5527,12.6,-13.2,35.7,12,6,877.6
296,목초,금산,2015,4552,12.6,-13.2,35.7,12,6,877.6
297,목초,금산,2015,5164,12.6,-13.2,35.7,12,6,877.6
298,목초,금산,2016,11803,12.7,-17.4,35.7,32,23,1325.6
299,목초,금산,2016,11370,12.7,-17.4,35.7,32,23,1325.6
300,목초,금산,2016,12993,12.7,-17.4,35.7,32,23,1325.6
301,목초,금산,2016,11291,12.7,-17.4,35.7,32,23,1325.6
302,목초,금산,2016,10384,12.7,-17.4,35.7,32,23,1325.6
303,목초,금산,2016,10808,12.7,-17.4,35.7,32,23,1325.6
304,목초,천안,2015,6735,13,-12.8,36.3,10,5,728
305,목초,천안,2015,6084,13,-12.8,36.3,10,5,728
306,목초,천안,2015,7340,13,-12.8,36.3,10,5,728
307,목초,천안,2015,5497,13,-12.8,36.3,10,5,728
308,목초,천안,2016,5410,12.7,-18.6,35.1,17,7,1004.8
309,목초,천안,2016,4843,12.7,-18.6,35.1,17,7,1004.8
310,목초,천안,2016,5543,12.7,-18.6,35.1,17,7,1004.8
311,목초,천안,2016,5092,12.7,-18.6,35.1,17,7,1004.8
312,목초,제주,2015,6565,16.7,-0.7,36.7,7,2,1728.3
313,목초,제주,2015,5737,16.7,-0.7,36.7,7,2,1728.3
314,목초,제주,2015,10690,16.7,-0.7,36.7,7,2,1728.3
315,목초,제주,2015,6993,16.7,-0.7,36.7,7,2,1728.3
316,목초,제주,2015,12412,16.7,-0.7,36.7,7,2,1728.3
317,목초,제주,2015,12077,16.7,-0.7,36.7,7,2,1728.3
318,목초,제주,2015,14884,16.7,-0.7,36.7,7,2,1728.3
319,목초,제주,2015,16496,16.7,-0.7,36.7,7,2,1728.3
320,목초,천안,2014,13944,12.8,-14.5,34.6,6,2,1020.5
321,목초,천안,2014,15174,12.8,-14.5,34.6,6,2,1020.5
322,목초,천안,2014,14987,12.8,-14.5,34.6,6,2,1020.5
323,목초,천안,2014,14718,12.8,-14.5,34.6,6,2,1020.5
324,목초,천안,2014,17062,12.8,-14.5,34.6,6,2,1020.5
325,목초,천안,2014,14813,12.8,-14.5,34.6,6,2,1020.5
326,목초,천안,2014,15749,12.8,-14.5,34.6,6,2,1020.5
327,목초,천안,2015,17429,13,-12.8,36.3,10,5,728
328,목초,천안,2015,18177,13,-12.8,36.3,10,5,728
329,목초,천안,2015,18935,13,-12.8,36.3,10,5,728
330,목초,천안,2015,19675,13,-12.8,36.3,10,5,728
331,목초,천안,2015,18959,13,-12.8,36.3,10,5,728
332,목초,천안,2015,17920,13,-12.8,36.3,10,5,728
333,목초,제주,2010,12740,15.6,-2.3,35.8,13,5,1584.9
334,목초,제주,2010,12619,15.6,-2.3,35.8,13,5,1584.9
335,목초,제주,2010,12750,15.6,-2.3,35.8,13,5,1584.9
336,목초,제주,2003,11342,15.7,-2.1,34.3,4,1,1999.2
337,목초,제주,2003,10368,15.7,-2.1,34.3,4,1,1999.2
338,목초,제주,2003,10790,15.7,-2.1,34.3,4,1,1999.2
339,목초,제주,2003,9864,15.7,-2.1,34.3,4,1,1999.2
340,목초,제주,2003,9312,15.7,-2.1,34.3,4,1,1999.2
341,목초,제주,2003,10138,15.7,-2.1,34.3,4,1,1999.2
342,목초,제주,2004,12699,16.4,-3.2,34.3,9,3,1333.8
343,목초,제주,2004,11942,16.4,-3.2,34.3,9,3,1333.8
344,목초,제주,2004,12261,16.4,-3.2,34.3,9,3,1333.8
345,목초,제주,2004,11714,16.4,-3.2,34.3,9,3,1333.8
346,목초,제주,2004,13468,16.4,-3.2,34.3,9,3,1333.8
347,목초,제주,2004,12645,16.4,-3.2,34.3,9,3,1333.8
348,목초,제주,2005,10416,16.2,-1.5,34.7,10,3,872.5
349,목초,제주,2005,9583,16.2,-1.5,34.7,10,3,872.5
350,목초,제주,2005,9449,16.2,-1.5,34.7,10,3,872.5
351,목초,제주,2005,10303,16.2,-1.5,34.7,10,3,872.5
352,목초,제주,2005,10451,16.2,-1.5,34.7,10,3,872.5
353,목초,제주,2005,10724,16.2,-1.5,34.7,10,3,872.5
354,목초,제주,2001,12117,16.1,-3.1,35.8,8,6,1388.6
355,목초,제주,2001,11732,16.1,-3.1,35.8,8,6,1388.6
356,목초,제주,2001,11318,16.1,-3.1,35.8,8,6,1388.6
357,목초,제주,2002,12377,15.8,0.6,35,2,1,1704.1
358,목초,제주,2002,11858,15.8,0.6,35,2,1,1704.1
359,목초,제주,2002,12403,15.8,0.6,35,2,1,1704.1
360,목초,제주,2003,11342,15.7,-2.1,34.3,4,1,1999.2
361,목초,제주,2003,10368,15.7,-2.1,34.3,4,1,1999.2
362,목초,제주,2003,10790,15.7,-2.1,34.3,4,1,1999.2
363,목초,제주,2003,9864,15.7,-2.1,34.3,4,1,1999.2
364,목초,제주,2003,9312,15.7,-2.1,34.3,4,1,1999.2
365,목초,제주,2003,10138,15.7,-2.1,34.3,4,1,1999.2
366,목초,제주,2004,12699,16.4,-3.2,34.3,9,3,1333.8
367,목초,제주,2004,11942,16.4,-3.2,34.3,9,3,1333.8
368,목초,제주,2004,12261,16.4,-3.2,34.3,9,3,1333.8
369,목초,제주,2004,11714,16.4,-3.2,34.3,9,3,1333.8
370,목초,제주,2004,13468,16.4,-3.2,34.3,9,3,1333.8
371,목초,제주,2004,12645,16.4,-3.2,34.3,9,3,1333.8
372,목초,제주,2005,10416,16.2,-1.5,34.7,10,3,872.5
373,목초,제주,2005,9583,16.2,-1.5,34.7,10,3,872.5
374,목초,제주,2005,9449,16.2,-1.5,34.7,10,3,872.5
375,목초,제주,2005,10303,16.2,-1.5,34.7,10,3,872.5
376,목초,제주,2005,10451,16.2,-1.5,34.7,10,3,872.5
377,목초,제주,2005,10724,16.2,-1.5,34.7,10,3,872.5
378,목초,남원,2000,6864,12.1,-19,35.2,17,5,1475.5
379,목초,남원,2000,7252,12.1,-19,35.2,17,5,1475.5
380,목초,남원,2000,4849,12.1,-19,35.2,17,5,1475.5
381,목초,남원,2000,7728,12.1,-19,35.2,17,5,1475.5
382,목초,남원,2001,14437,12.5,-19.7,35.3,20,6,1467.5
383,목초,남원,2001,14732,12.5,-19.7,35.3,20,6,1467.5
384,목초,남원,2001,8572,12.5,-19.7,35.3,20,6,1467.5
385,목초,남원,2001,12382,12.5,-19.7,35.3,20,6,1467.5
386,목초,대전,2002,5546,13.3,-12,34.2,3,1,1378.7
387,목초,대전,2002,7625,13.3,-12,34.2,3,1,1378.7
388,목초,대전,2002,8586,13.3,-12,34.2,3,1,1378.7
389,목초,대전,2003,7088,13.2,-14.5,32.2,0,0,1748.9
390,목초,대전,2003,9365,13.2,-14.5,32.2,0,0,1748.9
391,목초,대전,2003,12136,13.2,-14.5,32.2,0,0,1748.9
392,목초,제주,2001,17377,16.1,-3.1,35.8,8,6,1388.6
393,목초,제주,2001,16839,16.1,-3.1,35.8,8,6,1388.6
394,목초,제주,2001,17176,16.1,-3.1,35.8,8,6,1388.6
395,목초,제주,2002,15202,15.8,0.6,35,2,1,1704.1
396,목초,제주,2002,14423,15.8,0.6,35,2,1,1704.1
397,목초,제주,2002,15460,15.8,0.6,35,2,1,1704.1
398,목초,대전,1998,9847,13.6,-13.4,34.2,3,1,2070
399,목초,대전,1998,8423,13.6,-13.4,34.2,3,1,2070
400,목초,대전,1998,7749,13.6,-13.4,34.2,3,1,2070
401,목초,대전,1998,8954,13.6,-13.4,34.2,3,1,2070
402,목초,대전,1999,9596,13,-13.5,33.8,7,2,1455.2
403,목초,대전,1999,8143,13,-13.5,33.8,7,2,1455.2
404,목초,대전,1999,6628,13,-13.5,33.8,7,2,1455.2
405,목초,대전,1999,6808,13,-13.5,33.8,7,2,1455.2
406,목초,대전,2000,6332,12.4,-12.4,33.9,14,4,1707.5
407,목초,대전,2000,5225,12.4,-12.4,33.9,14,4,1707.5
408,목초,대전,2000,5686,12.4,-12.4,33.9,14,4,1707.5
409,목초,대전,2000,5960,12.4,-12.4,33.9,14,4,1707.5
410,목초,제주,1999,4949,16,-1.6,32.8,0,0,2526
411,목초,제주,1999,5904,16,-1.6,32.8,0,0,2526
412,목초,제주,1999,7152,16,-1.6,32.8,0,0,2526
413,목초,제주,1999,7608,16,-1.6,32.8,0,0,2526
414,목초,제주,1999,8010,16,-1.6,32.8,0,0,2526
415,목초,대전,1998,11415,13.6,-13.4,34.2,3,1,2070
416,목초,대전,1998,12703,13.6,-13.4,34.2,3,1,2070
417,목초,대전,1999,13219,13,-13.5,33.8,7,2,1455.2
418,목초,대전,1999,16262,13,-13.5,33.8,7,2,1455.2
419,목초,수원,1994,6123,13.2,-14.8,37.3,26,15,1045.6
420,목초,수원,1994,11230,13.2,-14.8,37.3,26,15,1045.6
421,목초,수원,1994,6067,13.2,-14.8,37.3,26,15,1045.6
422,목초,수원,1994,9653,13.2,-14.8,37.3,26,15,1045.6
423,목초,수원,1995,6818,11.9,-12.8,34.1,2,2,1653.3
424,목초,수원,1995,9203,11.9,-12.8,34.1,2,2,1653.3
425,목초,수원,1995,7127,11.9,-12.8,34.1,2,2,1653.3
426,목초,수원,1995,10335,11.9,-12.8,34.1,2,2,1653.3
427,목초,수원,1986,4447,10.6,-20.1,32.5,0,0,1144.1
428,목초,수원,1986,7891,10.6,-20.1,32.5,0,0,1144.1
429,목초,수원,1986,10436,10.6,-20.1,32.5,0,0,1144.1
430,목초,수원,1986,3000,10.6,-20.1,32.5,0,0,1144.1
431,목초,수원,1986,5997,10.6,-20.1,32.5,0,0,1144.1
432,목초,수원,1986,8025,10.6,-20.1,32.5,0,0,1144.1
433,목초,수원,1986,9747,10.6,-20.1,32.5,0,0,1144.1
434,목초,수원,1987,6892,11.4,-16.9,32.5,0,0,1439.1
435,목초,수원,1987,9939,11.4,-16.9,32.5,0,0,1439.1
436,목초,수원,1987,11772,11.4,-16.9,32.5,0,0,1439.1
437,목초,수원,1987,6672,11.4,-16.9,32.5,0,0,1439.1
438,목초,수원,1987,9224,11.4,-16.9,32.5,0,0,1439.1
439,목초,수원,1987,9799,11.4,-16.9,32.5,0,0,1439.1
440,목초,수원,1987,11196,11.4,-16.9,32.5,0,0,1439.1
441,목초,목포,1996,6754,13.6,-6.6,36.1,13,6,1040.9
442,목초,목포,1996,7862,13.6,-6.6,36.1,13,6,1040.9
443,목초,목포,1996,8163,13.6,-6.6,36.1,13,6,1040.9
444,목초,수원,1993,5850,11.5,-13,31.4,0,0,1162.9
445,목초,수원,1993,8235,11.5,-13,31.4,0,0,1162.9
446,목초,수원,1993,8638,11.5,-13,31.4,0,0,1162.9
447,목초,수원,1993,8947,11.5,-13,31.4,0,0,1162.9
448,목초,수원,1993,9366,11.5,-13,31.4,0,0,1162.9
449,목초,수원,1993,9788,11.5,-13,31.4,0,0,1162.9
450,목초,수원,1994,3663,13.2,-14.8,37.3,26,15,1045.6
451,목초,수원,1994,6431,13.2,-14.8,37.3,26,15,1045.6
452,목초,수원,1994,6357,13.2,-14.8,37.3,26,15,1045.6
453,목초,수원,1994,9154,13.2,-14.8,37.3,26,15,1045.6
454,목초,수원,1994,7203,13.2,-14.8,37.3,26,15,1045.6
455,목초,수원,1994,8116,13.2,-14.8,37.3,26,15,1045.6
456,목초,목포,1995,3023,13.9,-5.4,34,3,3,613.2
457,목초,목포,1995,3393,13.9,-5.4,34,3,3,613.2
458,목초,목포,1995,3938,13.9,-5.4,34,3,3,613.2
459,목초,목포,1995,5102,13.9,-5.4,34,3,3,613.2
460,목초,목포,1995,7922,13.9,-5.4,34,3,3,613.2
461,목초,목포,1995,8240,13.9,-5.4,34,3,3,613.2
462,목초,수원,1994,4232,13.2,-14.8,37.3,26,15,1045.6
463,목초,수원,1994,9869,13.2,-14.8,37.3,26,15,1045.6
464,목초,수원,1994,7606,13.2,-14.8,37.3,26,15,1045.6
465,목초,수원,1994,11222,13.2,-14.8,37.3,26,15,1045.6
466,목초,수원,1994,10197,13.2,-14.8,37.3,26,15,1045.6
467,목초,수원,1995,6392,11.9,-12.8,34.1,2,2,1653.3
468,목초,수원,1995,9244,11.9,-12.8,34.1,2,2,1653.3
469,목초,수원,1995,9843,11.9,-12.8,34.1,2,2,1653.3
470,목초,수원,1995,11140,11.9,-12.8,34.1,2,2,1653.3
471,목초,수원,1995,11567,11.9,-12.8,34.1,2,2,1653.3
472,목초,목포,1995,3793,13.9,-5.4,34,3,3,613.2
473,목초,목포,1995,4949,13.9,-5.4,34,3,3,613.2
474,목초,목포,1995,5870,13.9,-5.4,34,3,3,613.2
475,목초,목포,1995,9117,13.9,-5.4,34,3,3,613.2
476,목초,목포,1995,9145,13.9,-5.4,34,3,3,613.2
477,목초,수원,1994,6832,13.2,-14.8,37.3,26,15,1045.6
478,목초,수원,1994,6152,13.2,-14.8,37.3,26,15,1045.6
479,목초,수원,1994,9781,13.2,-14.8,37.3,26,15,1045.6
480,목초,수원,1994,8720,13.2,-14.8,37.3,26,15,1045.6
481,목초,수원,1989,7953,12.3,-11.4,34.9,5,3,1217.7
482,목초,수원,1989,8428,12.3,-11.4,34.9,5,3,1217.7
483,목초,수원,1989,9490,12.3,-11.4,34.9,5,3,1217.7
484,목초,수원,1990,6227,12.4,-18.9,35,8,3,2043.6
485,목초,수원,1990,7335,12.4,-18.9,35,8,3,2043.6
486,목초,수원,1990,7030,12.4,-18.9,35,8,3,2043.6
487,목초,제주,1993,9992,15.2,-0.8,34.5,2,2,1552.8
488,목초,제주,1993,7876,15.2,-0.8,34.5,2,2,1552.8
489,목초,제주,1994,6834,16.5,-0.6,34.6,9,4,1448.9
490,목초,제주,1994,6059,16.5,-0.6,34.6,9,4,1448.9
491,목초,수원,1992,10073,11.9,-11.2,33.3,2,2,1129.4
492,목초,수원,1992,10924,11.9,-11.2,33.3,2,2,1129.4
493,목초,수원,1992,8559,11.9,-11.2,33.3,2,2,1129.4
494,목초,수원,1992,10687,11.9,-11.2,33.3,2,2,1129.4
495,목초,수원,1992,12298,11.9,-11.2,33.3,2,2,1129.4
496,목초,수원,1992,11694,11.9,-11.2,33.3,2,2,1129.4
497,목초,수원,1992,11460,11.9,-11.2,33.3,2,2,1129.4
498,목초,수원,1992,11877,11.9,-11.2,33.3,2,2,1129.4
499,목초,수원,1992,15329,11.9,-11.2,33.3,2,2,1129.4
500,목초,수원,1992,14686,11.9,-11.2,33.3,2,2,1129.4
501,목초,수원,1992,13056,11.9,-11.2,33.3,2,2,1129.4
502,목초,수원,1992,15723,11.9,-11.2,33.3,2,2,1129.4
503,목초,수원,1992,3095,11.9,-11.2,33.3,2,2,1129.4
504,목초,수원,1992,4156,11.9,-11.2,33.3,2,2,1129.4
505,목초,수원,1992,5531,11.9,-11.2,33.3,2,2,1129.4
506,목초,수원,1992,7328,11.9,-11.2,33.3,2,2,1129.4
507,목초,수원,1992,9700,11.9,-11.2,33.3,2,2,1129.4
508,목초,수원,1993,5985,11.5,-13,31.4,0,0,1162.9
509,목초,수원,1993,6477,11.5,-13,31.4,0,0,1162.9
510,목초,수원,1993,6590,11.5,-13,31.4,0,0,1162.9
511,목초,수원,1993,8517,11.5,-13,31.4,0,0,1162.9
512,목초,수원,1993,10220,11.5,-13,31.4,0,0,1162.9
513,목초,수원,1992,11616,11.9,-11.2,33.3,2,2,1129.4
514,목초,수원,1992,11357,11.9,-11.2,33.3,2,2,1129.4
515,목초,수원,1992,14923,11.9,-11.2,33.3,2,2,1129.4
516,목초,수원,1992,11549,11.9,-11.2,33.3,2,2,1129.4
517,목초,수원,1992,12895,11.9,-11.2,33.3,2,2,1129.4
518,목초,수원,1992,14342,11.9,-11.2,33.3,2,2,1129.4
519,목초,수원,1993,11080,11.5,-13,31.4,0,0,1162.9
520,목초,수원,1993,11194,11.5,-13,31.4,0,0,1162.9
521,목초,수원,1993,10581,11.5,-13,31.4,0,0,1162.9
522,목초,수원,1993,10071,11.5,-13,31.4,0,0,1162.9
523,목초,수원,1993,11241,11.5,-13,31.4,0,0,1162.9
524,목초,수원,1993,10935,11.5,-13,31.4,0,0,1162.9
525,목초,서울,1994,6090,13.5,-12.6,38.4,29,14,1055.8
526,목초,서울,1994,9350,13.5,-12.6,38.4,29,14,1055.8
527,목초,서울,1994,8400,13.5,-12.6,38.4,29,14,1055.8
528,목초,서울,1994,8020,13.5,-12.6,38.4,29,14,1055.8
529,목초,서울,1994,6090,13.5,-12.6,38.4,29,14,1055.8
530,목초,서울,1994,8730,13.5,-12.6,38.4,29,14,1055.8
531,목초,서울,1994,8360,13.5,-12.6,38.4,29,14,1055.8
532,목초,서울,1994,9120,13.5,-12.6,38.4,29,14,1055.8
533,목초,수원,1992,14747,11.9,-11.2,33.3,2,2,1129.4
534,목초,수원,1992,13779,11.9,-11.2,33.3,2,2,1129.4
535,목초,수원,1992,13743,11.9,-11.2,33.3,2,2,1129.4
536,목초,수원,1992,13480,11.9,-11.2,33.3,2,2,1129.4
537,목초,수원,1992,11359,11.9,-11.2,33.3,2,2,1129.4
538,목초,대구,1993,11480,13.4,-9.6,34.3,3,1,1181.7
539,목초,대구,1993,12030,13.4,-9.6,34.3,3,1,1181.7
540,목초,대구,1993,12930,13.4,-9.6,34.3,3,1,1181.7
541,목초,대구,1993,13340,13.4,-9.6,34.3,3,1,1181.7
542,목초,대구,1993,15860,13.4,-9.6,34.3,3,1,1181.7
543,목초,대구,1993,9430,13.4,-9.6,34.3,3,1,1181.7
544,목초,대구,1993,12150,13.4,-9.6,34.3,3,1,1181.7
545,목초,대구,1993,13400,13.4,-9.6,34.3,3,1,1181.7
546,목초,대구,1993,14620,13.4,-9.6,34.3,3,1,1181.7
547,목초,대구,1993,13700,13.4,-9.6,34.3,3,1,1181.7
548,목초,대구,1993,10560,13.4,-9.6,34.3,3,1,1181.7
549,목초,대구,1993,13660,13.4,-9.6,34.3,3,1,1181.7
550,목초,대구,1993,16000,13.4,-9.6,34.3,3,1,1181.7
551,목초,대구,1993,15800,13.4,-9.6,34.3,3,1,1181.7
552,목초,대구,1993,15650,13.4,-9.6,34.3,3,1,1181.7
553,목초,이천,1990,6067,12,-20.7,35.9,15,9,2313.3
554,목초,이천,1990,6432,12,-20.7,35.9,15,9,2313.3
555,목초,이천,1990,8002,12,-20.7,35.9,15,9,2313.3
556,목초,이천,1990,10579,12,-20.7,35.9,15,9,2313.3
557,목초,이천,1990,10739,12,-20.7,35.9,15,9,2313.3
558,목초,이천,1990,10606,12,-20.7,35.9,15,9,2313.3
559,목초,이천,1991,6197,11.5,-18.7,35,7,4,1379.1
560,목초,이천,1991,6789,11.5,-18.7,35,7,4,1379.1
561,목초,이천,1991,9112,11.5,-18.7,35,7,4,1379.1
562,목초,이천,1991,10267,11.5,-18.7,35,7,4,1379.1
563,목초,이천,1991,10098,11.5,-18.7,35,7,4,1379.1
564,목초,이천,1991,3076,11.5,-18.7,35,7,4,1379.1
565,목초,이천,1992,5655,11.3,-13.5,33,1,1,1207
566,목초,이천,1992,8098,11.3,-13.5,33,1,1,1207
567,목초,이천,1992,9836,11.3,-13.5,33,1,1,1207
568,목초,이천,1992,9115,11.3,-13.5,33,1,1,1207
569,목초,이천,1992,9351,11.3,-13.5,33,1,1,1207
570,목초,수원,1989,3247,12.3,-11.4,34.9,5,3,1217.7
571,목초,수원,1989,3054,12.3,-11.4,34.9,5,3,1217.7
572,목초,수원,1989,4076,12.3,-11.4,34.9,5,3,1217.7
573,목초,수원,1989,4503,12.3,-11.4,34.9,5,3,1217.7
574,목초,수원,1989,4993,12.3,-11.4,34.9,5,3,1217.7
575,목초,수원,1989,4690,12.3,-11.4,34.9,5,3,1217.7
576,목초,대관령,1985,11025,6.5,-22.2,28.9,0,0,1744.7
577,목초,대관령,1985,10904,6.5,-22.2,28.9,0,0,1744.7
578,목초,대관령,1985,3564,6.5,-22.2,28.9,0,0,1744.7
579,목초,대관령,1985,9522,6.5,-22.2,28.9,0,0,1744.7
580,목초,대관령,1985,7698,6.5,-22.2,28.9,0,0,1744.7
581,목초,수원,1988,6070,11.3,-12.8,35.4,8,5,849.8
582,목초,수원,1988,8460,11.3,-12.8,35.4,8,5,849.8
583,목초,수원,1988,15290,11.3,-12.8,35.4,8,5,849.8
584,목초,수원,1988,18980,11.3,-12.8,35.4,8,5,849.8
585,목초,수원,1989,6845,12.3,-11.4,34.9,5,3,1217.7
586,목초,수원,1989,7974,12.3,-11.4,34.9,5,3,1217.7
587,목초,수원,1989,8600,12.3,-11.4,34.9,5,3,1217.7
588,목초,수원,1989,9533,12.3,-11.4,34.9,5,3,1217.7
589,목초,수원,1989,10069,12.3,-11.4,34.9,5,3,1217.7
590,목초,수원,1987,12565,11.4,-16.9,32.5,0,0,1439.1
591,목초,수원,1987,12522,11.4,-16.9,32.5,0,0,1439.1
592,목초,수원,1987,13346,11.4,-16.9,32.5,0,0,1439.1
593,목초,수원,1987,11506,11.4,-16.9,32.5,0,0,1439.1
594,목초,수원,1987,12202,11.4,-16.9,32.5,0,0,1439.1
595,목초,수원,1987,12599,11.4,-16.9,32.5,0,0,1439.1
596,목초,수원,1988,9353,11.3,-12.8,35.4,8,5,849.8
597,목초,수원,1988,9842,11.3,-12.8,35.4,8,5,849.8
598,목초,수원,1988,10069,11.3,-12.8,35.4,8,5,849.8
599,목초,수원,1988,8498,11.3,-12.8,35.4,8,5,849.8
600,목초,수원,1988,8731,11.3,-12.8,35.4,8,5,849.8
601,목초,수원,1988,9892,11.3,-12.8,35.4,8,5,849.8
602,목초,수원,1989,8804,12.3,-11.4,34.9,5,3,1217.7
603,목초,수원,1989,9299,12.3,-11.4,34.9,5,3,1217.7
604,목초,수원,1989,10147,12.3,-11.4,34.9,5,3,1217.7
605,목초,수원,1989,9601,12.3,-11.4,34.9,5,3,1217.7
606,목초,수원,1989,9762,12.3,-11.4,34.9,5,3,1217.7
607,목초,수원,1989,9965,12.3,-11.4,34.9,5,3,1217.7
608,목초,수원,1988,6372,11.3,-12.8,35.4,8,5,849.8
609,목초,수원,1988,7679,11.3,-12.8,35.4,8,5,849.8
610,목초,수원,1988,8717,11.3,-12.8,35.4,8,5,849.8
611,목초,수원,1988,8652,11.3,-12.8,35.4,8,5,849.8
612,목초,수원,1988,3297,11.3,-12.8,35.4,8,5,849.8
613,목초,수원,1988,3969,11.3,-12.8,35.4,8,5,849.8
614,목초,수원,1988,3881,11.3,-12.8,35.4,8,5,849.8
615,목초,수원,1988,3776,11.3,-12.8,35.4,8,5,849.8
616,목초,수원,1988,4132,11.3,-12.8,35.4,8,5,849.8
617,목초,수원,1988,4367,11.3,-12.8,35.4,8,5,849.8
618,목초,수원,1988,4135,11.3,-12.8,35.4,8,5,849.8
619,목초,수원,1988,5193,11.3,-12.8,35.4,8,5,849.8
620,목초,수원,1988,5805,11.3,-12.8,35.4,8,5,849.8
621,목초,수원,1988,6620,11.3,-12.8,35.4,8,5,849.8
622,목초,수원,1988,7017,11.3,-12.8,35.4,8,5,849.8
623,목초,수원,1988,6902,11.3,-12.8,35.4,8,5,849.8
624,목초,수원,1988,6868,11.3,-12.8,35.4,8,5,849.8
625,목초,수원,1988,7121,11.3,-12.8,35.4,8,5,849.8
626,목초,수원,1988,6533,11.3,-12.8,35.4,8,5,849.8
627,목초,수원,1988,6802,11.3,-12.8,35.4,8,5,849.8
628,목초,수원,1988,6908,11.3,-12.8,35.4,8,5,849.8
629,목초,수원,1988,4702,11.3,-12.8,35.4,8,5,849.8
630,목초,수원,1988,6243,11.3,-12.8,35.4,8,5,849.8
631,목초,수원,1988,7005,11.3,-12.8,35.4,8,5,849.8
632,목초,수원,1988,3553,11.3,-12.8,35.4,8,5,849.8
633,목초,수원,1988,4735,11.3,-12.8,35.4,8,5,849.8
634,목초,수원,1988,5183,11.3,-12.8,35.4,8,5,849.8
635,목초,수원,1988,5578,11.3,-12.8,35.4,8,5,849.8
636,목초,수원,1988,5123,11.3,-12.8,35.4,8,5,849.8
637,목초,수원,1988,5096,11.3,-12.8,35.4,8,5,849.8
638,목초,수원,1988,5623,11.3,-12.8,35.4,8,5,849.8
639,목초,수원,1988,4964,11.3,-12.8,35.4,8,5,849.8
640,목초,수원,1988,5110,11.3,-12.8,35.4,8,5,849.8
641,목초,수원,1988,5450,11.3,-12.8,35.4,8,5,849.8
642,목초,수원,1988,3584,11.3,-12.8,35.4,8,5,849.8
643,목초,수원,1988,4545,11.3,-12.8,35.4,8,5,849.8
644,목초,수원,1988,5459,11.3,-12.8,35.4,8,5,849.8
645,목초,수원,1989,10540,12.3,-11.4,34.9,5,3,1217.7
646,목초,수원,1989,12175,12.3,-11.4,34.9,5,3,1217.7
647,목초,수원,1989,12690,12.3,-11.4,34.9,5,3,1217.7
648,목초,수원,1989,11194,12.3,-11.4,34.9,5,3,1217.7
649,목초,수원,1989,11408,12.3,-11.4,34.9,5,3,1217.7
650,목초,수원,1989,8976,12.3,-11.4,34.9,5,3,1217.7
651,목초,수원,1988,3220,11.3,-12.8,35.4,8,5,849.8
652,목초,수원,1988,4169,11.3,-12.8,35.4,8,5,849.8
653,목초,수원,1988,3989,11.3,-12.8,35.4,8,5,849.8
654,목초,수원,1988,4211,11.3,-12.8,35.4,8,5,849.8
655,목초,수원,1988,3806,11.3,-12.8,35.4,8,5,849.8
656,목초,수원,1988,3913,11.3,-12.8,35.4,8,5,849.8
657,목초,수원,1988,3642,11.3,-12.8,35.4,8,5,849.8
658,목초,수원,1988,4301,11.3,-12.8,35.4,8,5,849.8
659,목초,수원,1988,4184,11.3,-12.8,35.4,8,5,849.8
660,목초,수원,1988,3100,11.3,-12.8,35.4,8,5,849.8
661,목초,수원,1988,3475,11.3,-12.8,35.4,8,5,849.8
662,목초,수원,1988,3571,11.3,-12.8,35.4,8,5,849.8
663,목초,수원,1988,3383,11.3,-12.8,35.4,8,5,849.8
664,목초,수원,1988,3188,11.3,-12.8,35.4,8,5,849.8
665,목초,수원,1988,3669,11.3,-12.8,35.4,8,5,849.8
666,목초,수원,1988,3442,11.3,-12.8,35.4,8,5,849.8
667,목초,수원,1988,3687,11.3,-12.8,35.4,8,5,849.8
668,목초,수원,1988,3963,11.3,-12.8,35.4,8,5,849.8
669,목초,대전,1987,31.2,12.5,-14.8,33.5,3,1,1880.7
670,목초,대전,1988,35.6,12.3,-12,35.3,18,13,920.9
671,목초,수원,1985,6204,11.3,-18.6,34.7,8,3,1491
672,목초,수원,1985,8995.6,11.3,-18.6,34.7,8,3,1491
673,목초,수원,1985,8848.8,11.3,-18.6,34.7,8,3,1491
674,목초,수원,1985,12992.1,11.3,-18.6,34.7,8,3,1491
675,목초,수원,1985,14532.3,11.3,-18.6,34.7,8,3,1491
676,목초,수원,1986,5152.3,10.6,-20.1,32.5,0,0,1144.1
677,목초,수원,1986,6865.5,10.6,-20.1,32.5,0,0,1144.1
678,목초,수원,1986,8537.3,10.6,-20.1,32.5,0,0,1144.1
679,목초,수원,1986,9253,10.6,-20.1,32.5,0,0,1144.1
680,목초,수원,1986,10985.1,10.6,-20.1,32.5,0,0,1144.1
681,목초,수원,1988,5296,11.3,-12.8,35.4,8,5,849.8
682,목초,수원,1988,5704,11.3,-12.8,35.4,8,5,849.8
683,목초,수원,1988,6858,11.3,-12.8,35.4,8,5,849.8
684,목초,수원,1988,5781,11.3,-12.8,35.4,8,5,849.8
685,목초,수원,1988,5856,11.3,-12.8,35.4,8,5,849.8
686,목초,수원,1988,6655,11.3,-12.8,35.4,8,5,849.8
687,목초,수원,1988,4695,11.3,-12.8,35.4,8,5,849.8
688,목초,수원,1988,5220,11.3,-12.8,35.4,8,5,849.8
689,목초,수원,1988,6000,11.3,-12.8,35.4,8,5,849.8
690,목초,수원,1985,3200,11.3,-18.6,34.7,8,3,1491
691,목초,수원,1985,3340,11.3,-18.6,34.7,8,3,1491
692,목초,수원,1985,3630,11.3,-18.6,34.7,8,3,1491
693,목초,대관령,1983,5839,6.5,-24.6,31.1,0,0,1270.3
694,목초,대관령,1983,6338,6.5,-24.6,31.1,0,0,1270.3
695,목초,대관령,1983,5589,6.5,-24.6,31.1,0,0,1270.3
696,목초,대관령,1983,4488,6.5,-24.6,31.1,0,0,1270.3
697,목초,대관령,1984,5258,5.9,-25.8,31,0,0,1699.3
698,목초,대관령,1984,4047,5.9,-25.8,31,0,0,1699.3
699,목초,대관령,1984,4358,5.9,-25.8,31,0,0,1699.3
700,목초,대관령,1984,4115,5.9,-25.8,31,0,0,1699.3
701,목초,수원,1980,9650,10,-19,31.7,0,0,1187
702,목초,수원,1980,8878,10,-19,31.7,0,0,1187
703,목초,수원,1980,7660,10,-19,31.7,0,0,1187
704,목초,수원,1980,7901,10,-19,31.7,0,0,1187
705,목초,수원,1980,8426,10,-19,31.7,0,0,1187
706,목초,수원,1980,7774,10,-19,31.7,0,0,1187
707,목초,수원,1980,7660,10,-19,31.7,0,0,1187
708,목초,수원,1980,7602,10,-19,31.7,0,0,1187
709,목초,수원,1980,7342,10,-19,31.7,0,0,1187
710,목초,수원,1981,8887,10.1,-24.8,34.9,4,2,1331.3
711,목초,수원,1981,7906,10.1,-24.8,34.9,4,2,1331.3
712,목초,수원,1981,8796,10.1,-24.8,34.9,4,2,1331.3
713,목초,수원,1981,7489,10.1,-24.8,34.9,4,2,1331.3
714,목초,수원,1981,6916,10.1,-24.8,34.9,4,2,1331.3
715,목초,수원,1981,7360,10.1,-24.8,34.9,4,2,1331.3
716,목초,수원,1981,7007,10.1,-24.8,34.9,4,2,1331.3
717,목초,수원,1981,7360,10.1,-24.8,34.9,4,2,1331.3
718,목초,수원,1981,7966,10.1,-24.8,34.9,4,2,1331.3
719,목초,수원,1982,8663,11.4,-15.9,34,4,2,1067.4
720,목초,수원,1982,8030,11.4,-15.9,34,4,2,1067.4
721,목초,수원,1982,8027,11.4,-15.9,34,4,2,1067.4
722,목초,수원,1982,8601,11.4,-15.9,34,4,2,1067.4
723,목초,수원,1982,8281,11.4,-15.9,34,4,2,1067.4
724,목초,수원,1982,8082,11.4,-15.9,34,4,2,1067.4
725,목초,수원,1982,7575,11.4,-15.9,34,4,2,1067.4
726,목초,수원,1982,8095,11.4,-15.9,34,4,2,1067.4
727,목초,수원,1982,8031,11.4,-15.9,34,4,2,1067.4
728,목초,수원,1983,12174,11.4,-16.4,33.4,3,3,942.4
729,목초,수원,1983,11863,11.4,-16.4,33.4,3,3,942.4
730,목초,수원,1983,13076,11.4,-16.4,33.4,3,3,942.4
731,목초,수원,1983,10697,11.4,-16.4,33.4,3,3,942.4
732,목초,수원,1983,10160,11.4,-16.4,33.4,3,3,942.4
733,목초,수원,1983,11150,11.4,-16.4,33.4,3,3,942.4
734,목초,수원,1983,10071,11.4,-16.4,33.4,3,3,942.4
735,목초,수원,1983,10372,11.4,-16.4,33.4,3,3,942.4
736,목초,수원,1983,9446,11.4,-16.4,33.4,3,3,942.4
737,목초,수원,1981,4847,10.1,-24.8,34.9,4,2,1331.3
738,목초,수원,1981,4085,10.1,-24.8,34.9,4,2,1331.3
739,목초,수원,1981,3672,10.1,-24.8,34.9,4,2,1331.3
740,목초,수원,1981,3063,10.1,-24.8,34.9,4,2,1331.3
741,목초,수원,1981,3116,10.1,-24.8,34.9,4,2,1331.3
742,목초,수원,1982,4736,11.4,-15.9,34,4,2,1067.4
743,목초,수원,1982,5054,11.4,-15.9,34,4,2,1067.4
744,목초,수원,1982,4887,11.4,-15.9,34,4,2,1067.4
745,목초,수원,1982,3769,11.4,-15.9,34,4,2,1067.4
746,목초,수원,1982,3721,11.4,-15.9,34,4,2,1067.4
747,목초,수원,1982,3377,11.4,-15.9,34,4,2,1067.4
748,목초,수원,1983,5991,11.4,-16.4,33.4,3,3,942.4
749,목초,수원,1983,5670,11.4,-16.4,33.4,3,3,942.4
750,목초,수원,1983,6050,11.4,-16.4,33.4,3,3,942.4
751,목초,수원,1983,3827,11.4,-16.4,33.4,3,3,942.4
752,목초,수원,1983,3952,11.4,-16.4,33.4,3,3,942.4
753,목초,수원,1983,4224,11.4,-16.4,33.4,3,3,942.4
754,목초,수원,1983,6850,11.4,-16.4,33.4,3,3,942.4
755,목초,수원,1983,7070,11.4,-16.4,33.4,3,3,942.4
756,목초,수원,1983,7040,11.4,-16.4,33.4,3,3,942.4
757,목초,수원,1983,6560,11.4,-16.4,33.4,3,3,942.4
758,목초,수원,1983,7530,11.4,-16.4,33.4,3,3,942.4
759,목초,수원,1984,12800,10.8,-17.9,34.4,8,2,1172.8
760,목초,수원,1984,9260,10.8,-17.9,34.4,8,2,1172.8
761,목초,수원,1984,10520,10.8,-17.9,34.4,8,2,1172.8
762,목초,수원,1984,7850,10.8,-17.9,34.4,8,2,1172.8
763,목초,수원,1984,7190,10.8,-17.9,34.4,8,2,1172.8
764,목초,수원,1985,11030,11.3,-18.6,34.7,8,3,1491
765,목초,수원,1985,8010,11.3,-18.6,34.7,8,3,1491
766,목초,수원,1985,7700,11.3,-18.6,34.7,8,3,1491
767,목초,수원,1985,6070,11.3,-18.6,34.7,8,3,1491
768,목초,수원,1985,6580,11.3,-18.6,34.7,8,3,1491
769,목초,수원,1984,6164,10.8,-17.9,34.4,8,2,1172.8
770,목초,수원,1984,6484,10.8,-17.9,34.4,8,2,1172.8
771,목초,수원,1984,6219,10.8,-17.9,34.4,8,2,1172.8
772,목초,수원,1984,5856,10.8,-17.9,34.4,8,2,1172.8
773,목초,수원,1984,6883,10.8,-17.9,34.4,8,2,1172.8
774,목초,수원,1984,4011,10.8,-17.9,34.4,8,2,1172.8
775,목초,수원,1984,3315,10.8,-17.9,34.4,8,2,1172.8
776,목초,수원,1984,5292,10.8,-17.9,34.4,8,2,1172.8
777,목초,수원,1984,5100,10.8,-17.9,34.4,8,2,1172.8
778,목초,수원,1983,8950,11.4,-16.4,33.4,3,3,942.4
779,목초,수원,1983,9050,11.4,-16.4,33.4,3,3,942.4
780,목초,수원,1983,7930,11.4,-16.4,33.4,3,3,942.4
781,목초,수원,1984,4660,10.8,-17.9,34.4,8,2,1172.8
782,목초,수원,1984,4570,10.8,-17.9,34.4,8,2,1172.8
783,목초,수원,1984,4660,10.8,-17.9,34.4,8,2,1172.8
784,목초,수원,1984,5714,10.8,-17.9,34.4,8,2,1172.8
785,목초,대전,1981,5484,11.4,-16.8,34.8,9,3,1206.5
786,목초,대전,1981,6423,11.4,-16.8,34.8,9,3,1206.5
787,목초,대전,1981,6582,11.4,-16.8,34.8,9,3,1206.5
788,목초,대전,1981,6020,11.4,-16.8,34.8,9,3,1206.5
789,목초,대전,1981,4474,11.4,-16.8,34.8,9,3,1206.5
790,목초,대전,1981,4861,11.4,-16.8,34.8,9,3,1206.5
791,목초,대전,1977,8346,12.2,-15.7,35.3,14,12,1099.1
792,목초,대전,1977,8221,12.2,-15.7,35.3,14,12,1099.1
793,목초,대전,1977,8437,12.2,-15.7,35.3,14,12,1099.1
794,목초,대전,1977,17703,12.2,-15.7,35.3,14,12,1099.1
795,목초,대전,1977,12649,12.2,-15.7,35.3,14,12,1099.1
796,목초,대전,1977,17071,12.2,-15.7,35.3,14,12,1099.1
797,목초,대전,1977,12042,12.2,-15.7,35.3,14,12,1099.1
798,목초,대관령,2001,5508,7.5,-25.6,31.3,0,0,1551.7
799,목초,대관령,2002,7723,7.5,-19.2,30.6,0,0,2697.6
800,목초,대관령,2000,9830,6.9,-20.2,30.3,0,0,1559.4
801,목초,대관령,2001,5400,7.5,-25.6,31.3,0,0,1551.7
802,목초,대관령,2002,7994,7.5,-19.2,30.6,0,0,2697.6
803,목초,대관령,2000,10270,6.9,-20.2,30.3,0,0,1559.4
804,목초,대관령,2001,5924,7.5,-25.6,31.3,0,0,1551.7
805,목초,대관령,2002,6780,7.5,-19.2,30.6,0,0,2697.6
806,목초,대관령,2000,10860,6.9,-20.2,30.3,0,0,1559.4
807,목초,대관령,2001,5502,7.5,-25.6,31.3,0,0,1551.7
808,목초,대관령,2002,6089,7.5,-19.2,30.6,0,0,2697.6
809,목초,대관령,2000,9690,6.9,-20.2,30.3,0,0,1559.4
810,목초,대관령,2001,6505,7.5,-25.6,31.3,0,0,1551.7
811,목초,대관령,2002,8780,7.5,-19.2,30.6,0,0,2697.6
812,목초,대관령,2000,11740,6.9,-20.2,30.3,0,0,1559.4
813,목초,대관령,2001,5182,7.5,-25.6,31.3,0,0,1551.7
814,목초,대관령,2002,7777,7.5,-19.2,30.6,0,0,2697.6
815,목초,대관령,2000,8180,6.9,-20.2,30.3,0,0,1559.4
816,목초,대관령,2001,6044,7.5,-25.6,31.3,0,0,1551.7
817,목초,대관령,2002,7507,7.5,-19.2,30.6,0,0,2697.6
818,목초,대관령,2000,9490,6.9,-20.2,30.3,0,0,1559.4
819,목초,대관령,2001,7277,7.5,-25.6,31.3,0,0,1551.7
820,목초,대관령,2002,9582,7.5,-19.2,30.6,0,0,2697.6
821,목초,대관령,2000,11670,6.9,-20.2,30.3,0,0,1559.4
822,목초,남원,2000,13750,12.1,-19,35.2,17,5,1475.5
823,목초,남원,2000,13410,12.1,-19,35.2,17,5,1475.5
824,목초,남원,2000,11840,12.1,-19,35.2,17,5,1475.5
825,목초,남원,2000,11840,12.1,-19,35.2,17,5,1475.5
826,목초,남원,2000,12360,12.1,-19,35.2,17,5,1475.5
827,목초,남원,2000,10190,12.1,-19,35.2,17,5,1475.5
828,목초,남원,2000,11120,12.1,-19,35.2,17,5,1475.5
829,목초,남원,2000,14590,12.1,-19,35.2,17,5,1475.5
830,목초,남원,2001,10268,12.5,-19.7,35.3,20,6,1467.5
831,목초,남원,2001,8243,12.5,-19.7,35.3,20,6,1467.5
832,목초,남원,2001,8693,12.5,-19.7,35.3,20,6,1467.5
833,목초,남원,2001,8879,12.5,-19.7,35.3,20,6,1467.5
834,목초,남원,2001,10036,12.5,-19.7,35.3,20,6,1467.5
835,목초,남원,2001,9255,12.5,-19.7,35.3,20,6,1467.5
836,목초,남원,2001,9659,12.5,-19.7,35.3,20,6,1467.5
837,목초,남원,2001,12719,12.5,-19.7,35.3,20,6,1467.5
838,목초,남원,2002,11137,12.6,-11.8,35.2,11,2,1624
839,목초,남원,2002,11343,12.6,-11.8,35.2,11,2,1624
840,목초,남원,2002,10045,12.6,-11.8,35.2,11,2,1624
841,목초,남원,2002,11027,12.6,-11.8,35.2,11,2,1624
842,목초,남원,2002,11006,12.6,-11.8,35.2,11,2,1624
843,목초,남원,2002,10372,12.6,-11.8,35.2,11,2,1624
844,목초,남원,2002,11920,12.6,-11.8,35.2,11,2,1624
845,목초,남원,2002,14360,12.6,-11.8,35.2,11,2,1624
846,목초,대관령,2000,7870,6.9,-20.2,30.3,0,0,1559.4
847,목초,대관령,2000,8130,6.9,-20.2,30.3,0,0,1559.4
848,목초,대관령,2000,8280,6.9,-20.2,30.3,0,0,1559.4
849,목초,대관령,2000,9200,6.9,-20.2,30.3,0,0,1559.4
850,목초,대관령,2000,9030,6.9,-20.2,30.3,0,0,1559.4
851,목초,대관령,2000,8200,6.9,-20.2,30.3,0,0,1559.4
852,목초,대관령,2000,8800,6.9,-20.2,30.3,0,0,1559.4
853,목초,대관령,2001,6292,7.5,-25.6,31.3,0,0,1551.7
854,목초,대관령,2001,6684,7.5,-25.6,31.3,0,0,1551.7
855,목초,대관령,2001,6168,7.5,-25.6,31.3,0,0,1551.7
856,목초,대관령,2001,7896,7.5,-25.6,31.3,0,0,1551.7
857,목초,대관령,2001,7909,7.5,-25.6,31.3,0,0,1551.7
858,목초,대관령,2001,7298,7.5,-25.6,31.3,0,0,1551.7
859,목초,대관령,2001,7339,7.5,-25.6,31.3,0,0,1551.7
860,목초,대관령,2002,9207,7.5,-19.2,30.6,0,0,2697.6
861,목초,대관령,2002,9069,7.5,-19.2,30.6,0,0,2697.6
862,목초,대관령,2002,9134,7.5,-19.2,30.6,0,0,2697.6
863,목초,대관령,2002,8973,7.5,-19.2,30.6,0,0,2697.6
864,목초,대관령,2002,9515,7.5,-19.2,30.6,0,0,2697.6
865,목초,대관령,2002,8677,7.5,-19.2,30.6,0,0,2697.6
866,목초,대관령,2002,8849,7.5,-19.2,30.6,0,0,2697.6
867,목초,대관령,2000,9590,6.9,-20.2,30.3,0,0,1559.4
868,목초,대관령,2000,10210,6.9,-20.2,30.3,0,0,1559.4
869,목초,대관령,2000,10210,6.9,-20.2,30.3,0,0,1559.4
870,목초,대관령,2000,10510,6.9,-20.2,30.3,0,0,1559.4
871,목초,대관령,2001,7547,7.5,-25.6,31.3,0,0,1551.7
872,목초,대관령,2001,7602,7.5,-25.6,31.3,0,0,1551.7
873,목초,대관령,2001,7642,7.5,-25.6,31.3,0,0,1551.7
874,목초,대관령,2001,8197,7.5,-25.6,31.3,0,0,1551.7
875,목초,대관령,2002,8882,7.5,-19.2,30.6,0,0,2697.6
876,목초,대관령,2002,8399,7.5,-19.2,30.6,0,0,2697.6
877,목초,대관령,2002,9460,7.5,-19.2,30.6,0,0,2697.6
878,목초,대관령,2002,8486,7.5,-19.2,30.6,0,0,2697.6
879,목초,천안,2009,12841,12.3,-18.2,33.3,1,1,999.9
880,목초,평창,2009,13533,7.4,-18.6,29.9,5,3,1027
881,목초,제주,2009,22151,16,-2.5,33.6,6,2,1304.8
882,목초,진주,2009,15030,13.8,-14.1,33.1,1,1,1608.9
883,목초,천안,2010,10887,12.2,-19.5,34.9,14,5,1378.3
884,목초,평창,2010,11286,7.2,-24,30.1,18,4,1341.2
885,목초,제주,2010,16858,15.6,-2.3,35.8,13,5,1584.9
886,목초,진주,2010,16280,13.1,-12.5,35.2,7,3,1896
887,목초,천안,2011,5030,12,-18.3,34.3,6,4,1845.8
888,목초,평창,2011,12538,6.8,-23.8,28.3,8,2,2085.7
889,목초,제주,2011,13828,15.6,-2.8,34.7,8,3,1478.6
890,목초,진주,2011,9960,13,-15.6,34.7,4,2,2026.4
891,목초,천안,2012,10081,11.9,-17.8,36.4,20,17,1336.7
892,목초,평창,2012,5791,6.5,-23.5,30.7,18,12,1398.8
893,목초,제주,2012,9937,15.7,-2.8,34.9,5,2,2248.3
894,목초,진주,2012,10840,12.7,-14.3,35.4,14,6,1752.9
895,목초,천안,2013,8771,12.3,-19.2,35.6,14,6,1095.6
896,목초,평창,2013,10184,7.5,-26.8,30.1,9,6,1238.3
897,목초,제주,2013,16303,16.5,-1.8,36.3,23,5,859.1
898,목초,진주,2013,14390,13.4,-13,36.7,17,16,1220.6
899,목초,천안,2014,11587,12.8,-14.5,34.6,6,2,1020.5
900,목초,평창,2014,18083,7.7,-19.8,30.6,14,4,876.5
901,목초,제주,2014,13538,16.2,0.1,35.2,3,2,1563.4
902,목초,진주,2014,11830,13.2,-10.6,35.5,6,2,1644.9
903,목초,천안,2015,14559,13,-12.8,36.3,10,5,728
904,목초,평창,2015,9741,8,-19.8,30,16,3,676
905,목초,제주,2015,20372,16.7,-0.7,36.7,7,2,1728.3
906,목초,진주,2015,17652,13.4,-11.5,35.5,11,6,1324.8
907,목초,천안,2016,9083,12.7,-18.6,35.1,17,7,1004.8
908,목초,평창,2016,14821,8.1,-23,32.4,23,10,940.4
909,목초,제주,2016,18745,17,-5.8,35.5,15,7,1416.4
910,목초,진주,2016,16159,13.8,-12.8,37.5,27,18,1734.6
911,목초,천안,2017,7895,11.8,-15.9,35.2,6,3,1305
912,목초,평창,2017,10490,7.3,-21.1,31.1,9,4,996.1
913,목초,제주,2017,20403,16.8,-1.1,37,23,6,773.3
914,목초,진주,2017,16498,13.5,-12,37.1,24,7,766.7
915,옥수수,대구(경북),2014,23360,14.9,-7.4,37.5,22,7,1072.1
916,옥수수,대구(경북),2014,17500,14.9,-7.4,37.5,22,7,1072.1
917,옥수수,대구(경북),2014,20540,14.9,-7.4,37.5,22,7,1072.1
918,옥수수,대구(경북),2014,22350,14.9,-7.4,37.5,22,7,1072.1
919,옥수수,대구(경북),2014,16190,14.9,-7.4,37.5,22,7,1072.1
920,옥수수,대구(경북),2014,17970,14.9,-7.4,37.5,22,7,1072.1
921,옥수수,대구(경북),2014,19200,14.9,-7.4,37.5,22,7,1072.1
922,옥수수,대구(경북),2014,19770,14.9,-7.4,37.5,22,7,1072.1
923,옥수수,대구(경북),2014,17970,14.9,-7.4,37.5,22,7,1072.1
924,옥수수,대구(경북),2014,23280,14.9,-7.4,37.5,22,7,1072.1
925,옥수수,대구(경북),2014,22740,14.9,-7.4,37.5,22,7,1072.1
926,옥수수,대구(경북),2014,17610,14.9,-7.4,37.5,22,7,1072.1
927,옥수수,대구(경북),2014,23220,14.9,-7.4,37.5,22,7,1072.1
928,옥수수,대구(경북),2013,24520,15,-12.5,37.9,54,20,996.4
929,옥수수,대구(경북),2013,21130,15,-12.5,37.9,54,20,996.4
930,옥수수,대구(경북),2013,20670,15,-12.5,37.9,54,20,996.4
931,옥수수,대구(경북),2013,19830,15,-12.5,37.9,54,20,996.4
932,옥수수,대구(경북),2013,20270,15,-12.5,37.9,54,20,996.4
933,옥수수,대구(경북),2013,24790,15,-12.5,37.9,54,20,996.4
934,옥수수,대구(경북),2013,22080,15,-12.5,37.9,54,20,996.4
935,옥수수,대구(경북),2013,22130,15,-12.5,37.9,54,20,996.4
936,옥수수,대구(경북),2013,20940,15,-12.5,37.9,54,20,996.4
937,옥수수,대구(경북),2013,23460,15,-12.5,37.9,54,20,996.4
938,옥수수,대구(경북),2013,21480,15,-12.5,37.9,54,20,996.4
939,옥수수,대구(경북),2013,19830,15,-12.5,37.9,54,20,996.4
940,옥수수,대구(경북),2013,21040,15,-12.5,37.9,54,20,996.4
941,옥수수,대구(경북),2013,20260,15,-12.5,37.9,54,20,996.4
942,옥수수,대구(경북),2012,19180,14.1,-12.4,37.2,30,18,1189.9
943,옥수수,대구(경북),2012,17290,14.1,-12.4,37.2,30,18,1189.9
944,옥수수,대구(경북),2012,20160,14.1,-12.4,37.2,30,18,1189.9
945,옥수수,대구(경북),2012,21400,14.1,-12.4,37.2,30,18,1189.9
946,옥수수,대구(경북),2012,20790,14.1,-12.4,37.2,30,18,1189.9
947,옥수수,대구(경북),2012,15520,14.1,-12.4,37.2,30,18,1189.9
948,옥수수,대구(경북),2012,18090,14.1,-12.4,37.2,30,18,1189.9
949,옥수수,대구(경북),2012,17670,14.1,-12.4,37.2,30,18,1189.9
950,옥수수,대구(경북),2012,18350,14.1,-12.4,37.2,30,18,1189.9
951,옥수수,대구(경북),2011,12700,14.3,-13.1,35.5,29,6,1430.4
952,옥수수,대구(경북),2011,14560,14.3,-13.1,35.5,29,6,1430.4
953,옥수수,대구(경북),2011,12950,14.3,-13.1,35.5,29,6,1430.4
954,옥수수,대구(경북),2011,12310,14.3,-13.1,35.5,29,6,1430.4
955,옥수수,대구(경북),2011,1355,14.3,-13.1,35.5,29,6,1430.4
956,옥수수,대구(경북),2011,12140,14.3,-13.1,35.5,29,6,1430.4
957,옥수수,대구(경북),2011,13250,14.3,-13.1,35.5,29,6,1430.4
958,옥수수,대구(경북),2011,12850,14.3,-13.1,35.5,29,6,1430.4
959,옥수수,대구(경북),2011,12440,14.3,-13.1,35.5,29,6,1430.4
960,옥수수,대구(경북),2011,12460,14.3,-13.1,35.5,29,6,1430.4
961,옥수수,대구(경북),2010,21050,14.4,-10,36.5,41,7,1204.5
962,옥수수,대구(경북),2010,20330,14.4,-10,36.5,41,7,1204.5
963,옥수수,대구(경북),2010,19390,14.4,-10,36.5,41,7,1204.5
964,옥수수,대구(경북),2010,20640,14.4,-10,36.5,41,7,1204.5
965,옥수수,대구(경북),2010,18900,14.4,-10,36.5,41,7,1204.5
966,옥수수,대구(경북),2010,19700,14.4,-10,36.5,41,7,1204.5
967,옥수수,대구(경북),2010,18790,14.4,-10,36.5,41,7,1204.5
968,옥수수,대구(경북),2010,20120,14.4,-10,36.5,41,7,1204.5
969,옥수수,대구(경북),2010,20040,14.4,-10,36.5,41,7,1204.5
970,옥수수,대구(경북),2010,20340,14.4,-10,36.5,41,7,1204.5
971,옥수수,대구(경북),2010,17880,14.4,-10,36.5,41,7,1204.5
972,옥수수,대구(경북),2007,15530,15,-5.1,36.4,23,8,973.9
973,옥수수,대구(경북),2007,18760,15,-5.1,36.4,23,8,973.9
974,옥수수,대구(경북),2007,16800,15,-5.1,36.4,23,8,973.9
975,옥수수,대구(경북),2007,17630,15,-5.1,36.4,23,8,973.9
976,옥수수,대구(경북),2007,15520,15,-5.1,36.4,23,8,973.9
977,옥수수,대구(경북),2007,16970,15,-5.1,36.4,23,8,973.9
978,옥수수,대구(경북),2007,19440,15,-5.1,36.4,23,8,973.9
979,옥수수,대구(경북),2007,15940,15,-5.1,36.4,23,8,973.9
980,옥수수,대구(경북),2006,14950,14.6,-10.1,37.2,27,19,1131.5
981,옥수수,대구(경북),2006,13250,14.6,-10.1,37.2,27,19,1131.5
982,옥수수,대구(경북),2006,9790,14.6,-10.1,37.2,27,19,1131.5
983,옥수수,대구(경북),2006,11910,14.6,-10.1,37.2,27,19,1131.5
984,옥수수,대구(경북),2006,12580,14.6,-10.1,37.2,27,19,1131.5
985,옥수수,대구(경북),2006,10500,14.6,-10.1,37.2,27,19,1131.5
986,옥수수,대구(경북),2006,10810,14.6,-10.1,37.2,27,19,1131.5
987,옥수수,대구(경북),2006,14690,14.6,-10.1,37.2,27,19,1131.5
988,옥수수,대구(경북),2006,12100,14.6,-10.1,37.2,27,19,1131.5
989,옥수수,대구(경북),2006,10140,14.6,-10.1,37.2,27,19,1131.5
990,옥수수,대구(경북),2006,13130,14.6,-10.1,37.2,27,19,1131.5
991,옥수수,대구(경북),2005,16180,14.2,-11.1,36.2,26,6,834.3
992,옥수수,대구(경북),2005,15380,14.2,-11.1,36.2,26,6,834.3
993,옥수수,대구(경북),2005,21370,14.2,-11.1,36.2,26,6,834.3
994,옥수수,대구(경북),2005,16800,14.2,-11.1,36.2,26,6,834.3
995,옥수수,대구(경북),2005,18940,14.2,-11.1,36.2,26,6,834.3
996,옥수수,대구(경북),2005,18510,14.2,-11.1,36.2,26,6,834.3
997,옥수수,대구(경북),2005,18050,14.2,-11.1,36.2,26,6,834.3
998,옥수수,대구(경북),2005,18290,14.2,-11.1,36.2,26,6,834.3
999,옥수수,대구(경북),2005,16870,14.2,-11.1,36.2,26,6,834.3
1000,옥수수,대구(경북),2005,16630,14.2,-11.1,36.2,26,6,834.3
1001,옥수수,대구(경북),2005,15360,14.2,-11.1,36.2,26,6,834.3
1002,옥수수,대구(경북),2005,15160,14.2,-11.1,36.2,26,6,834.3
1003,옥수수,대구(경상북도농업기술원),2016,23810,14.6,-13,38.1,32,7,1227.3
1004,옥수수,대구(경상북도농업기술원),2016,23910,14.6,-13,38.1,32,7,1227.3
1005,옥수수,대구(경상북도농업기술원),2016,30930,14.6,-13,38.1,32,7,1227.3
1006,옥수수,대구(경상북도농업기술원),2016,18460,14.6,-13,38.1,32,7,1227.3
1007,옥수수,대구(경상북도농업기술원),2016,22070,14.6,-13,38.1,32,7,1227.3
1008,옥수수,대구(경상북도농업기술원),2016,31110,14.6,-13,38.1,32,7,1227.3
1009,옥수수,대구(경상북도농업기술원),2016,29820,14.6,-13,38.1,32,7,1227.3
1010,옥수수,대구(경상북도농업기술원),2016,23450,14.6,-13,38.1,32,7,1227.3
1011,옥수수,대구(경상북도농업기술원),2016,25430,14.6,-13,38.1,32,7,1227.3
1012,옥수수,대구(경상북도농업기술원),2016,31820,14.6,-13,38.1,32,7,1227.3
1013,옥수수,대구(경상북도농업기술원),2016,28720,14.6,-13,38.1,32,7,1227.3
1014,옥수수,대구(경상북도농업기술원),2016,28540,14.6,-13,38.1,32,7,1227.3
1015,옥수수,대구(경상북도농업기술원),2015,26330,14.8,-8.9,38.3,21,16,908.5
1016,옥수수,대구(경상북도농업기술원),2015,20790,14.8,-8.9,38.3,21,16,908.5
1017,옥수수,대구(경상북도농업기술원),2015,22940,14.8,-8.9,38.3,21,16,908.5
1018,옥수수,대구(경상북도농업기술원),2015,21820,14.8,-8.9,38.3,21,16,908.5
1019,옥수수,대구(경상북도농업기술원),2015,28810,14.8,-8.9,38.3,21,16,908.5
1020,옥수수,대구(경상북도농업기술원),2015,25360,14.8,-8.9,38.3,21,16,908.5
1021,옥수수,대구(경상북도농업기술원),2015,26670,14.8,-8.9,38.3,21,16,908.5
1022,옥수수,대구(경상북도농업기술원),2015,30670,14.8,-8.9,38.3,21,16,908.5
1023,옥수수,대구(경상북도농업기술원),2015,26480,14.8,-8.9,38.3,21,16,908.5
1024,옥수수,대구(경상북도농업기술원),2015,25300,14.8,-8.9,38.3,21,16,908.5
1025,옥수수,대구(경상북도농업기술원),2015,26640,14.8,-8.9,38.3,21,16,908.5
1026,옥수수,대구(경상북도농업기술원),2015,23050,14.8,-8.9,38.3,21,16,908.5
1027,옥수수,수원,2014,25230,13.1,-11.1,34.6,8,4,1029.1
1028,옥수수,수원,2014,27380,13.1,-11.1,34.6,8,4,1029.1
1029,옥수수,수원,2014,27080,13.1,-11.1,34.6,8,4,1029.1
1030,옥수수,수원,2014,25930,13.1,-11.1,34.6,8,4,1029.1
1031,옥수수,수원,2014,23340,13.1,-11.1,34.6,8,4,1029.1
1032,옥수수,수원,2014,24690,13.1,-11.1,34.6,8,4,1029.1
1033,옥수수,수원,2014,21490,13.1,-11.1,34.6,8,4,1029.1
1034,옥수수,수원,2014,19970,13.1,-11.1,34.6,8,4,1029.1
1035,옥수수,수원,2014,24640,13.1,-11.1,34.6,8,4,1029.1
1036,옥수수,수원,2014,25490,13.1,-11.1,34.6,8,4,1029.1
1037,옥수수,수원,2014,23510,13.1,-11.1,34.6,8,4,1029.1
1038,옥수수,수원,2014,24520,13.1,-11.1,34.6,8,4,1029.1
1039,옥수수,수원,2014,25980,13.1,-11.1,34.6,8,4,1029.1
1040,옥수수,수원,2013,12940,12.3,-18.1,34.7,14,7,1240.1
1041,옥수수,수원,2013,11240,12.3,-18.1,34.7,14,7,1240.1
1042,옥수수,수원,2013,11700,12.3,-18.1,34.7,14,7,1240.1
1043,옥수수,수원,2013,11470,12.3,-18.1,34.7,14,7,1240.1
1044,옥수수,수원,2013,12200,12.3,-18.1,34.7,14,7,1240.1
1045,옥수수,수원,2013,13570,12.3,-18.1,34.7,14,7,1240.1
1046,옥수수,수원,2013,11710,12.3,-18.1,34.7,14,7,1240.1
1047,옥수수,수원,2013,11830,12.3,-18.1,34.7,14,7,1240.1
1048,옥수수,수원,2013,12060,12.3,-18.1,34.7,14,7,1240.1
1049,옥수수,수원,2013,10940,12.3,-18.1,34.7,14,7,1240.1
1050,옥수수,수원,2013,10280,12.3,-18.1,34.7,14,7,1240.1
1051,옥수수,수원,2013,11310,12.3,-18.1,34.7,14,7,1240.1
1052,옥수수,수원,2013,9570,12.3,-18.1,34.7,14,7,1240.1
1053,옥수수,수원,2013,9230,12.3,-18.1,34.7,14,7,1240.1
1054,옥수수,수원,2012,20170,12.1,-16.2,37.4,16,10,1748.3
1055,옥수수,수원,2012,19670,12.1,-16.2,37.4,16,10,1748.3
1056,옥수수,수원,2012,18600,12.1,-16.2,37.4,16,10,1748.3
1057,옥수수,수원,2012,19050,12.1,-16.2,37.4,16,10,1748.3
1058,옥수수,수원,2012,17450,12.1,-16.2,37.4,16,10,1748.3
1059,옥수수,수원,2012,14110,12.1,-16.2,37.4,16,10,1748.3
1060,옥수수,수원,2012,18180,12.1,-16.2,37.4,16,10,1748.3
1061,옥수수,수원,2012,22680,12.1,-16.2,37.4,16,10,1748.3
1062,옥수수,수원,2012,18480,12.1,-16.2,37.4,16,10,1748.3
1063,옥수수,수원,2011,15330,11.8,-16.9,35.8,8,3,1975.9
1064,옥수수,수원,2011,14880,11.8,-16.9,35.8,8,3,1975.9
1065,옥수수,수원,2011,15520,11.8,-16.9,35.8,8,3,1975.9
1066,옥수수,수원,2011,15910,11.8,-16.9,35.8,8,3,1975.9
1067,옥수수,수원,2011,15070,11.8,-16.9,35.8,8,3,1975.9
1068,옥수수,수원,2011,15580,11.8,-16.9,35.8,8,3,1975.9
1069,옥수수,수원,2011,13020,11.8,-16.9,35.8,8,3,1975.9
1070,옥수수,수원,2011,14220,11.8,-16.9,35.8,8,3,1975.9
1071,옥수수,수원,2011,14250,11.8,-16.9,35.8,8,3,1975.9
1072,옥수수,수원,2011,13380,11.8,-16.9,35.8,8,3,1975.9
1073,옥수수,수원,2010,22470,12.2,-18.6,34.2,10,2,1470.6
1074,옥수수,수원,2010,21530,12.2,-18.6,34.2,10,2,1470.6
1075,옥수수,수원,2010,21400,12.2,-18.6,34.2,10,2,1470.6
1076,옥수수,수원,2010,21390,12.2,-18.6,34.2,10,2,1470.6
1077,옥수수,수원,2010,20110,12.2,-18.6,34.2,10,2,1470.6
1078,옥수수,수원,2010,21240,12.2,-18.6,34.2,10,2,1470.6
1079,옥수수,수원,2010,21250,12.2,-18.6,34.2,10,2,1470.6
1080,옥수수,수원,2010,20550,12.2,-18.6,34.2,10,2,1470.6
1081,옥수수,수원,2010,19630,12.2,-18.6,34.2,10,2,1470.6
1082,옥수수,수원,2010,23000,12.2,-18.6,34.2,10,2,1470.6
1083,옥수수,수원,2010,20060,12.2,-18.6,34.2,10,2,1470.6
1084,옥수수,수원,2007,18210,12.9,-9.9,33.2,1,1,1325
1085,옥수수,수원,2007,19760,12.9,-9.9,33.2,1,1,1325
1086,옥수수,수원,2007,21400,12.9,-9.9,33.2,1,1,1325
1087,옥수수,수원,2007,21080,12.9,-9.9,33.2,1,1,1325
1088,옥수수,수원,2007,20870,12.9,-9.9,33.2,1,1,1325
1089,옥수수,수원,2007,18870,12.9,-9.9,33.2,1,1,1325
1090,옥수수,수원,2007,22210,12.9,-9.9,33.2,1,1,1325
1091,옥수수,수원,2007,21790,12.9,-9.9,33.2,1,1,1325
1092,옥수수,수원,2006,21300,12.9,-13.2,35.9,13,5,1362.7
1093,옥수수,수원,2006,23040,12.9,-13.2,35.9,13,5,1362.7
1094,옥수수,수원,2006,17130,12.9,-13.2,35.9,13,5,1362.7
1095,옥수수,수원,2006,20780,12.9,-13.2,35.9,13,5,1362.7
1096,옥수수,수원,2006,19630,12.9,-13.2,35.9,13,5,1362.7
1097,옥수수,수원,2006,20360,12.9,-13.2,35.9,13,5,1362.7
1098,옥수수,수원,2006,22340,12.9,-13.2,35.9,13,5,1362.7
1099,옥수수,수원,2006,22620,12.9,-13.2,35.9,13,5,1362.7
1100,옥수수,수원,2006,21740,12.9,-13.2,35.9,13,5,1362.7
1101,옥수수,수원,2006,19860,12.9,-13.2,35.9,13,5,1362.7
1102,옥수수,수원,2006,21110,12.9,-13.2,35.9,13,5,1362.7
1103,옥수수,수원,2005,14150,12,-14.4,35.1,7,3,1427.7
1104,옥수수,수원,2005,14870,12,-14.4,35.1,7,3,1427.7
1105,옥수수,수원,2005,17050,12,-14.4,35.1,7,3,1427.7
1106,옥수수,수원,2005,17510,12,-14.4,35.1,7,3,1427.7
1107,옥수수,수원,2005,18930,12,-14.4,35.1,7,3,1427.7
1108,옥수수,수원,2005,16790,12,-14.4,35.1,7,3,1427.7
1109,옥수수,수원,2005,15000,12,-14.4,35.1,7,3,1427.7
1110,옥수수,수원,2005,17430,12,-14.4,35.1,7,3,1427.7
1111,옥수수,수원,2005,18220,12,-14.4,35.1,7,3,1427.7
1112,옥수수,수원,2005,17820,12,-14.4,35.1,7,3,1427.7
1113,옥수수,수원,2005,17350,12,-14.4,35.1,7,3,1427.7
1114,옥수수,수원,2005,15650,12,-14.4,35.1,7,3,1427.7
1115,옥수수,수원,2016,26290,13.6,-16.2,36.5,30,23,1023.4
1116,옥수수,수원,2016,22630,13.6,-16.2,36.5,30,23,1023.4
1117,옥수수,수원,2016,26130,13.6,-16.2,36.5,30,23,1023.4
1118,옥수수,수원,2016,27180,13.6,-16.2,36.5,30,23,1023.4
1119,옥수수,수원,2016,23170,13.6,-16.2,36.5,30,23,1023.4
1120,옥수수,수원,2016,26930,13.6,-16.2,36.5,30,23,1023.4
1121,옥수수,수원,2016,23520,13.6,-16.2,36.5,30,23,1023.4
1122,옥수수,수원,2016,21380,13.6,-16.2,36.5,30,23,1023.4
1123,옥수수,수원,2016,25370,13.6,-16.2,36.5,30,23,1023.4
1124,옥수수,수원,2016,22440,13.6,-16.2,36.5,30,23,1023.4
1125,옥수수,수원,2016,24800,13.6,-16.2,36.5,30,23,1023.4
1126,옥수수,수원,2016,23700,13.6,-16.2,36.5,30,23,1023.4
1127,옥수수,수원,2015,16390,13.5,-11.7,35.3,12,4,751.1
1128,옥수수,수원,2015,15390,13.5,-11.7,35.3,12,4,751.1
1129,옥수수,수원,2015,15790,13.5,-11.7,35.3,12,4,751.1
1130,옥수수,수원,2015,14030,13.5,-11.7,35.3,12,4,751.1
1131,옥수수,수원,2015,18110,13.5,-11.7,35.3,12,4,751.1
1132,옥수수,수원,2015,19630,13.5,-11.7,35.3,12,4,751.1
1133,옥수수,수원,2015,14600,13.5,-11.7,35.3,12,4,751.1
1134,옥수수,수원,2015,18260,13.5,-11.7,35.3,12,4,751.1
1135,옥수수,수원,2015,13420,13.5,-11.7,35.3,12,4,751.1
1136,옥수수,수원,2015,15540,13.5,-11.7,35.3,12,4,751.1
1137,옥수수,수원,2015,19380,13.5,-11.7,35.3,12,4,751.1
1138,옥수수,수원,2015,16780,13.5,-11.7,35.3,12,4,751.1
1139,옥수수,천안,2015,15320,13,-12.8,36.3,10,5,728
1140,옥수수,천안,2015,17450,13,-12.8,36.3,10,5,728
1141,옥수수,천안,2015,14620,13,-12.8,36.3,10,5,728
1142,옥수수,천안,2015,15090,13,-12.8,36.3,10,5,728
1143,옥수수,천안,2015,17550,13,-12.8,36.3,10,5,728
1144,옥수수,천안,2015,14670,13,-12.8,36.3,10,5,728
1145,옥수수,천안,2015,13010,13,-12.8,36.3,10,5,728
1146,옥수수,천안,2015,13340,13,-12.8,36.3,10,5,728
1147,옥수수,천안,2015,15620,13,-12.8,36.3,10,5,728
1148,옥수수,천안,2015,14990,13,-12.8,36.3,10,5,728
1149,옥수수,천안,2015,13170,13,-12.8,36.3,10,5,728
1150,옥수수,천안,2015,11890,13,-12.8,36.3,10,5,728
1151,옥수수,천안,2005,17750,11.8,-17.8,36.2,9,4,1309.3
1152,옥수수,천안,2005,17570,11.8,-17.8,36.2,9,4,1309.3
1153,옥수수,천안,2005,19220,11.8,-17.8,36.2,9,4,1309.3
1154,옥수수,천안,2005,20330,11.8,-17.8,36.2,9,4,1309.3
1155,옥수수,천안,2005,16960,11.8,-17.8,36.2,9,4,1309.3
1156,옥수수,천안,2005,16060,11.8,-17.8,36.2,9,4,1309.3
1157,옥수수,천안,2005,17820,11.8,-17.8,36.2,9,4,1309.3
1158,옥수수,천안,2005,21910,11.8,-17.8,36.2,9,4,1309.3
1159,옥수수,천안,2005,20900,11.8,-17.8,36.2,9,4,1309.3
1160,옥수수,천안,2005,21650,11.8,-17.8,36.2,9,4,1309.3
1161,옥수수,천안,2005,16690,11.8,-17.8,36.2,9,4,1309.3
1162,옥수수,천안,2005,19700,11.8,-17.8,36.2,9,4,1309.3
1163,옥수수,천안,2016,16870,12.7,-18.6,35.1,17,7,1004.8
1164,옥수수,천안,2016,16520,12.7,-18.6,35.1,17,7,1004.8
1165,옥수수,천안,2016,19530,12.7,-18.6,35.1,17,7,1004.8
1166,옥수수,천안,2016,17680,12.7,-18.6,35.1,17,7,1004.8
1167,옥수수,천안,2016,21320,12.7,-18.6,35.1,17,7,1004.8
1168,옥수수,천안,2016,19590,12.7,-18.6,35.1,17,7,1004.8
1169,옥수수,천안,2016,16980,12.7,-18.6,35.1,17,7,1004.8
1170,옥수수,천안,2016,21490,12.7,-18.6,35.1,17,7,1004.8
1171,옥수수,천안,2016,14360,12.7,-18.6,35.1,17,7,1004.8
1172,옥수수,천안,2016,13870,12.7,-18.6,35.1,17,7,1004.8
1173,옥수수,천안,2016,16480,12.7,-18.6,35.1,17,7,1004.8
1174,옥수수,천안,2016,14400,12.7,-18.6,35.1,17,7,1004.8
1175,옥수수,천안,2014,17540,12.8,-14.5,34.6,6,2,1020.5
1176,옥수수,천안,2014,20350,12.8,-14.5,34.6,6,2,1020.5
1177,옥수수,천안,2014,17420,12.8,-14.5,34.6,6,2,1020.5
1178,옥수수,천안,2014,19470,12.8,-14.5,34.6,6,2,1020.5
1179,옥수수,천안,2014,13890,12.8,-14.5,34.6,6,2,1020.5
1180,옥수수,천안,2014,14440,12.8,-14.5,34.6,6,2,1020.5
1181,옥수수,천안,2014,15890,12.8,-14.5,34.6,6,2,1020.5
1182,옥수수,천안,2014,10500,12.8,-14.5,34.6,6,2,1020.5
1183,옥수수,천안,2014,18330,12.8,-14.5,34.6,6,2,1020.5
1184,옥수수,천안,2014,12170,12.8,-14.5,34.6,6,2,1020.5
1185,옥수수,천안,2014,14950,12.8,-14.5,34.6,6,2,1020.5
1186,옥수수,천안,2014,17140,12.8,-14.5,34.6,6,2,1020.5
1187,옥수수,천안,2014,15900,12.8,-14.5,34.6,6,2,1020.5
1188,옥수수,천안,2013,15530,12.3,-19.2,35.6,14,6,1095.6
1189,옥수수,천안,2013,12770,12.3,-19.2,35.6,14,6,1095.6
1190,옥수수,천안,2013,15340,12.3,-19.2,35.6,14,6,1095.6
1191,옥수수,천안,2013,13490,12.3,-19.2,35.6,14,6,1095.6
1192,옥수수,천안,2013,14850,12.3,-19.2,35.6,14,6,1095.6
1193,옥수수,천안,2013,14810,12.3,-19.2,35.6,14,6,1095.6
1194,옥수수,천안,2013,15240,12.3,-19.2,35.6,14,6,1095.6
1195,옥수수,천안,2013,15610,12.3,-19.2,35.6,14,6,1095.6
1196,옥수수,천안,2013,14820,12.3,-19.2,35.6,14,6,1095.6
1197,옥수수,천안,2013,16730,12.3,-19.2,35.6,14,6,1095.6
1198,옥수수,천안,2013,13530,12.3,-19.2,35.6,14,6,1095.6
1199,옥수수,천안,2013,15880,12.3,-19.2,35.6,14,6,1095.6
1200,옥수수,천안,2013,13360,12.3,-19.2,35.6,14,6,1095.6
1201,옥수수,천안,2013,15090,12.3,-19.2,35.6,14,6,1095.6
1202,옥수수,천안,2012,10370,11.9,-17.8,36.4,20,17,1336.7
1203,옥수수,천안,2012,10730,11.9,-17.8,36.4,20,17,1336.7
1204,옥수수,천안,2012,10870,11.9,-17.8,36.4,20,17,1336.7
1205,옥수수,천안,2012,8210,11.9,-17.8,36.4,20,17,1336.7
1206,옥수수,천안,2012,12130,11.9,-17.8,36.4,20,17,1336.7
1207,옥수수,천안,2012,11260,11.9,-17.8,36.4,20,17,1336.7
1208,옥수수,천안,2012,9340,11.9,-17.8,36.4,20,17,1336.7
1209,옥수수,천안,2012,9760,11.9,-17.8,36.4,20,17,1336.7
1210,옥수수,천안,2012,9400,11.9,-17.8,36.4,20,17,1336.7
1211,옥수수,천안,2011,13570,12,-18.3,34.3,6,4,1845.8
1212,옥수수,천안,2011,12940,12,-18.3,34.3,6,4,1845.8
1213,옥수수,천안,2011,11640,12,-18.3,34.3,6,4,1845.8
1214,옥수수,천안,2011,12330,12,-18.3,34.3,6,4,1845.8
1215,옥수수,천안,2011,13190,12,-18.3,34.3,6,4,1845.8
1216,옥수수,천안,2011,11580,12,-18.3,34.3,6,4,1845.8
1217,옥수수,천안,2011,12190,12,-18.3,34.3,6,4,1845.8
1218,옥수수,천안,2011,10780,12,-18.3,34.3,6,4,1845.8
1219,옥수수,천안,2011,10340,12,-18.3,34.3,6,4,1845.8
1220,옥수수,천안,2011,10770,12,-18.3,34.3,6,4,1845.8
1221,옥수수,천안,2010,20650,12.2,-19.5,34.9,14,5,1378.3
1222,옥수수,천안,2010,21560,12.2,-19.5,34.9,14,5,1378.3
1223,옥수수,천안,2010,22900,12.2,-19.5,34.9,14,5,1378.3
1224,옥수수,천안,2010,20110,12.2,-19.5,34.9,14,5,1378.3
1225,옥수수,천안,2010,20670,12.2,-19.5,34.9,14,5,1378.3
1226,옥수수,천안,2010,20630,12.2,-19.5,34.9,14,5,1378.3
1227,옥수수,천안,2010,20910,12.2,-19.5,34.9,14,5,1378.3
1228,옥수수,천안,2010,20660,12.2,-19.5,34.9,14,5,1378.3
1229,옥수수,천안,2010,19200,12.2,-19.5,34.9,14,5,1378.3
1230,옥수수,천안,2010,19940,12.2,-19.5,34.9,14,5,1378.3
1231,옥수수,천안,2010,17170,12.2,-19.5,34.9,14,5,1378.3
1232,옥수수,천안,2007,16800,12.5,-13.6,34.9,3,2,1562.4
1233,옥수수,천안,2007,21250,12.5,-13.6,34.9,3,2,1562.4
1234,옥수수,천안,2007,18210,12.5,-13.6,34.9,3,2,1562.4
1235,옥수수,천안,2007,17820,12.5,-13.6,34.9,3,2,1562.4
1236,옥수수,천안,2007,19680,12.5,-13.6,34.9,3,2,1562.4
1237,옥수수,천안,2007,23210,12.5,-13.6,34.9,3,2,1562.4
1238,옥수수,천안,2007,17810,12.5,-13.6,34.9,3,2,1562.4
1239,옥수수,천안,2007,22140,12.5,-13.6,34.9,3,2,1562.4
1240,옥수수,천안,2006,19520,11.5,-15.6,33.5,6,3,1043.3
1241,옥수수,천안,2006,23380,11.5,-15.6,33.5,6,3,1043.3
1242,옥수수,천안,2006,22080,11.5,-15.6,33.5,6,3,1043.3
1243,옥수수,천안,2006,19960,11.5,-15.6,33.5,6,3,1043.3
1244,옥수수,천안,2006,22040,11.5,-15.6,33.5,6,3,1043.3
1245,옥수수,천안,2006,21420,11.5,-15.6,33.5,6,3,1043.3
1246,옥수수,천안,2006,22400,11.5,-15.6,33.5,6,3,1043.3
1247,옥수수,천안,2006,20560,11.5,-15.6,33.5,6,3,1043.3
1248,옥수수,천안,2006,24070,11.5,-15.6,33.5,6,3,1043.3
1249,옥수수,천안,2006,19990,11.5,-15.6,33.5,6,3,1043.3
1250,옥수수,천안,2006,24540,11.5,-15.6,33.5,6,3,1043.3
1251,옥수수,홍천,2014,20840,11.7,-19.9,36.1,15,4,703.5
1252,옥수수,홍천,2014,20450,11.7,-19.9,36.1,15,4,703.5
1253,옥수수,홍천,2014,21130,11.7,-19.9,36.1,15,4,703.5
1254,옥수수,홍천,2014,25720,11.7,-19.9,36.1,15,4,703.5
1255,옥수수,홍천,2014,19570,11.7,-19.9,36.1,15,4,703.5
1256,옥수수,홍천,2014,18210,11.7,-19.9,36.1,15,4,703.5
1257,옥수수,홍천,2014,18460,11.7,-19.9,36.1,15,4,703.5
1258,옥수수,홍천,2014,24320,11.7,-19.9,36.1,15,4,703.5
1259,옥수수,홍천,2014,21710,11.7,-19.9,36.1,15,4,703.5
1260,옥수수,홍천,2014,29390,11.7,-19.9,36.1,15,4,703.5
1261,옥수수,홍천,2014,21790,11.7,-19.9,36.1,15,4,703.5
1262,옥수수,홍천,2014,17100,11.7,-19.9,36.1,15,4,703.5
1263,옥수수,홍천,2014,20030,11.7,-19.9,36.1,15,4,703.5
1264,옥수수,홍천,2013,12460,10.8,-24.1,34.6,16,6,1302.3
1265,옥수수,홍천,2013,11250,10.8,-24.1,34.6,16,6,1302.3
1266,옥수수,홍천,2013,13760,10.8,-24.1,34.6,16,6,1302.3
1267,옥수수,홍천,2013,9030,10.8,-24.1,34.6,16,6,1302.3
1268,옥수수,홍천,2013,9190,10.8,-24.1,34.6,16,6,1302.3
1269,옥수수,홍천,2013,13260,10.8,-24.1,34.6,16,6,1302.3
1270,옥수수,홍천,2013,12060,10.8,-24.1,34.6,16,6,1302.3
1271,옥수수,홍천,2013,9520,10.8,-24.1,34.6,16,6,1302.3
1272,옥수수,홍천,2013,11860,10.8,-24.1,34.6,16,6,1302.3
1273,옥수수,홍천,2013,9880,10.8,-24.1,34.6,16,6,1302.3
1274,옥수수,홍천,2013,8160,10.8,-24.1,34.6,16,6,1302.3
1275,옥수수,홍천,2013,8340,10.8,-24.1,34.6,16,6,1302.3
1276,옥수수,홍천,2013,11600,10.8,-24.1,34.6,16,6,1302.3
1277,옥수수,홍천,2013,12030,10.8,-24.1,34.6,16,6,1302.3
1278,옥수수,홍천,2012,19240,10.6,-22.2,37.9,24,10,1277.8
1279,옥수수,홍천,2012,18150,10.6,-22.2,37.9,24,10,1277.8
1280,옥수수,홍천,2012,19790,10.6,-22.2,37.9,24,10,1277.8
1281,옥수수,홍천,2012,19440,10.6,-22.2,37.9,24,10,1277.8
1282,옥수수,홍천,2012,20470,10.6,-22.2,37.9,24,10,1277.8
1283,옥수수,홍천,2012,20870,10.6,-22.2,37.9,24,10,1277.8
1284,옥수수,홍천,2012,19230,10.6,-22.2,37.9,24,10,1277.8
1285,옥수수,홍천,2012,20610,10.6,-22.2,37.9,24,10,1277.8
1286,옥수수,홍천,2012,18010,10.6,-22.2,37.9,24,10,1277.8
1287,옥수수,홍천,2011,18880,10.7,-22.5,36,12,3,1639.6
1288,옥수수,홍천,2011,15390,10.7,-22.5,36,12,3,1639.6
1289,옥수수,홍천,2011,22450,10.7,-22.5,36,12,3,1639.6
1290,옥수수,홍천,2011,19070,10.7,-22.5,36,12,3,1639.6
1291,옥수수,홍천,2011,16080,10.7,-22.5,36,12,3,1639.6
1292,옥수수,홍천,2011,23630,10.7,-22.5,36,12,3,1639.6
1293,옥수수,홍천,2011,15490,10.7,-22.5,36,12,3,1639.6
1294,옥수수,홍천,2011,15090,10.7,-22.5,36,12,3,1639.6
1295,옥수수,홍천,2011,16110,10.7,-22.5,36,12,3,1639.6
1296,옥수수,홍천,2011,16080,10.7,-22.5,36,12,3,1639.6
1297,옥수수,홍천,2010,22520,10.9,-23.9,35.2,21,4,1305.5
1298,옥수수,홍천,2010,18930,10.9,-23.9,35.2,21,4,1305.5
1299,옥수수,홍천,2010,20420,10.9,-23.9,35.2,21,4,1305.5
1300,옥수수,홍천,2010,18840,10.9,-23.9,35.2,21,4,1305.5
1301,옥수수,홍천,2010,19560,10.9,-23.9,35.2,21,4,1305.5
1302,옥수수,홍천,2010,22270,10.9,-23.9,35.2,21,4,1305.5
1303,옥수수,홍천,2010,20040,10.9,-23.9,35.2,21,4,1305.5
1304,옥수수,홍천,2010,20120,10.9,-23.9,35.2,21,4,1305.5
1305,옥수수,홍천,2010,21300,10.9,-23.9,35.2,21,4,1305.5
1306,옥수수,홍천,2010,21380,10.9,-23.9,35.2,21,4,1305.5
1307,옥수수,홍천,2010,22750,10.9,-23.9,35.2,21,4,1305.5
1308,옥수수,홍천,2007,18230,11.3,-16.5,36.1,13,3,1308
1309,옥수수,홍천,2007,20740,11.3,-16.5,36.1,13,3,1308
1310,옥수수,홍천,2007,20120,11.3,-16.5,36.1,13,3,1308
1311,옥수수,홍천,2007,18340,11.3,-16.5,36.1,13,3,1308
1312,옥수수,홍천,2007,16670,11.3,-16.5,36.1,13,3,1308
1313,옥수수,홍천,2007,18410,11.3,-16.5,36.1,13,3,1308
1314,옥수수,홍천,2007,17890,11.3,-16.5,36.1,13,3,1308
1315,옥수수,홍천,2007,17580,11.3,-16.5,36.1,13,3,1308
1316,옥수수,홍천,2005,17080,10.3,-19.3,35.9,12,6,1797.8
1317,옥수수,홍천,2005,16540,10.3,-19.3,35.9,12,6,1797.8
1318,옥수수,홍천,2005,19480,10.3,-19.3,35.9,12,6,1797.8
1319,옥수수,홍천,2005,19330,10.3,-19.3,35.9,12,6,1797.8
1320,옥수수,홍천,2005,20140,10.3,-19.3,35.9,12,6,1797.8
1321,옥수수,홍천,2005,21000,10.3,-19.3,35.9,12,6,1797.8
1322,옥수수,홍천,2005,19110,10.3,-19.3,35.9,12,6,1797.8
1323,옥수수,홍천,2005,18610,10.3,-19.3,35.9,12,6,1797.8
1324,옥수수,홍천,2005,18920,10.3,-19.3,35.9,12,6,1797.8
1325,옥수수,홍천,2005,19970,10.3,-19.3,35.9,12,6,1797.8
1326,옥수수,홍천,2005,18490,10.3,-19.3,35.9,12,6,1797.8
1327,옥수수,홍천,2005,17680,10.3,-19.3,35.9,12,6,1797.8
1328,옥수수,홍천,2016,21470,12.3,-19.3,36.6,35,17,967.9
1329,옥수수,홍천,2016,21670,12.3,-19.3,36.6,35,17,967.9
1330,옥수수,홍천,2016,24270,12.3,-19.3,36.6,35,17,967.9
1331,옥수수,홍천,2016,25240,12.3,-19.3,36.6,35,17,967.9
1332,옥수수,홍천,2016,22710,12.3,-19.3,36.6,35,17,967.9
1333,옥수수,홍천,2016,25000,12.3,-19.3,36.6,35,17,967.9
1334,옥수수,홍천,2016,22490,12.3,-19.3,36.6,35,17,967.9
1335,옥수수,홍천,2016,21020,12.3,-19.3,36.6,35,17,967.9
1336,옥수수,홍천,2016,22060,12.3,-19.3,36.6,35,17,967.9
1337,옥수수,홍천,2016,19440,12.3,-19.3,36.6,35,17,967.9
1338,옥수수,홍천,2016,23980,12.3,-19.3,36.6,35,17,967.9
1339,옥수수,홍천,2016,19690,12.3,-19.3,36.6,35,17,967.9
1340,옥수수,홍천,2015,24630,12.2,-16.4,37.1,21,6,740
1341,옥수수,홍천,2015,24560,12.2,-16.4,37.1,21,6,740
1342,옥수수,홍천,2015,24100,12.2,-16.4,37.1,21,6,740
1343,옥수수,홍천,2015,24530,12.2,-16.4,37.1,21,6,740
1344,옥수수,홍천,2015,28650,12.2,-16.4,37.1,21,6,740
1345,옥수수,홍천,2015,23790,12.2,-16.4,37.1,21,6,740
1346,옥수수,홍천,2015,23560,12.2,-16.4,37.1,21,6,740
1347,옥수수,홍천,2015,24350,12.2,-16.4,37.1,21,6,740
1348,옥수수,홍천,2015,22670,12.2,-16.4,37.1,21,6,740
1349,옥수수,홍천,2015,21210,12.2,-16.4,37.1,21,6,740
1350,옥수수,홍천,2015,23000,12.2,-16.4,37.1,21,6,740
1351,옥수수,홍천,2015,24420,12.2,-16.4,37.1,21,6,740
